0.000000e+00,	
2.000000e-02,	
3.000000e-02,	
5.000000e-02,	
7.000000e-02,	
9.000000e-02,	
1.100000e-01,	
1.300000e-01,	
1.400000e-01,	
1.600000e-01,	
1.800000e-01,	
1.900000e-01,	
2.100000e-01,	
2.200000e-01,	
2.400000e-01,	
2.600000e-01,	
2.800000e-01,	
2.900000e-01,	
3.100000e-01,	
3.200000e-01,	
3.400000e-01,	
3.600000e-01,	
3.800000e-01,	
3.900000e-01,	
4.100000e-01,	
4.300000e-01,	
4.500000e-01,	
4.600000e-01,	
4.800000e-01,	
4.900000e-01,	
5.100000e-01,	
5.300000e-01,	
5.500000e-01,	
5.600000e-01,	
5.800000e-01,	
6.000000e-01,	
6.200000e-01,	
6.300000e-01,	
6.500000e-01,	
6.600000e-01,	
6.800000e-01,	
7.000000e-01,	
7.200000e-01,	
7.300000e-01,	
7.500000e-01,	
7.600000e-01,	
7.800000e-01,	
8.000000e-01,	
8.200000e-01,	
8.300000e-01,	
8.500000e-01,	
8.700000e-01,	
8.800000e-01,	
9.000000e-01,	
9.200000e-01,	
9.400000e-01,	
9.600000e-01,	
9.700000e-01,	
9.900000e-01,	
1.010000e+00,	
1.030000e+00,	
1.040000e+00,	
1.060000e+00,	
1.070000e+00,	
1.090000e+00,	
1.110000e+00,	
1.130000e+00,	
1.140000e+00,	
1.160000e+00,	
1.170000e+00,	
1.190000e+00,	
1.210000e+00,	
1.230000e+00,	
1.240000e+00,	
1.260000e+00,	
1.280000e+00,	
1.290000e+00,	
1.310000e+00,	
1.330000e+00,	
1.350000e+00,	
1.370000e+00,	
1.390000e+00,	
1.400000e+00,	
1.420000e+00,	
1.440000e+00,	
1.450000e+00,	
1.470000e+00,	
1.490000e+00,	
1.500000e+00,	
1.520000e+00,	
1.540000e+00,	
1.560000e+00,	
1.580000e+00,	
1.590000e+00,	
1.610000e+00,	
1.630000e+00,	
1.650000e+00,	
1.660000e+00,	
1.680000e+00,	
1.690000e+00,	
1.710000e+00,	
1.730000e+00,	
1.750000e+00,	
1.770000e+00,	
1.780000e+00,	
1.800000e+00,	
1.820000e+00,	
1.840000e+00,	
1.850000e+00,	
1.870000e+00,	
1.890000e+00,	
1.900000e+00,	
1.920000e+00,	
1.940000e+00,	
1.960000e+00,	
1.970000e+00,	
1.990000e+00,	
2.010000e+00,	
2.030000e+00,	
2.050000e+00,	
2.060000e+00,	
2.070000e+00,	
2.100000e+00,	
2.110000e+00,	
2.130000e+00,	
2.150000e+00,	
2.180000e+00,	
2.190000e+00,	
2.210000e+00,	
2.230000e+00,	
2.250000e+00,	
2.260000e+00,	
2.270000e+00,	
2.300000e+00,	
2.310000e+00,	
2.330000e+00,	
2.350000e+00,	
2.370000e+00,	
2.380000e+00,	
2.390000e+00,	
2.420000e+00,	
2.430000e+00,	
2.460000e+00,	
2.470000e+00,	
2.490000e+00,	
2.510000e+00,	
2.530000e+00,	
2.540000e+00,	
2.550000e+00,	
2.580000e+00,	
2.590000e+00,	
2.610000e+00,	
2.630000e+00,	
2.650000e+00,	
2.660000e+00,	
2.670000e+00,	
2.690000e+00,	
2.710000e+00,	
2.730000e+00,	
2.750000e+00,	
2.770000e+00,	
2.780000e+00,	
2.790000e+00,	
2.810000e+00,	
2.830000e+00,	
2.850000e+00,	
2.860000e+00,	
2.870000e+00,	
2.900000e+00,	
2.910000e+00,	
2.930000e+00,	
2.950000e+00,	
2.980000e+00,	
2.990000e+00,	
3.010000e+00,	
3.030000e+00,	
3.050000e+00,	
3.060000e+00,	
3.070000e+00,	
3.100000e+00,	
3.110000e+00,	
3.140000e+00,	
3.150000e+00,	
3.170000e+00,	
3.190000e+00,	
3.210000e+00,	
3.220000e+00,	
3.230000e+00,	
3.250000e+00,	
3.270000e+00,	
3.290000e+00,	
3.300000e+00,	
3.310000e+00,	
3.340000e+00,	
3.350000e+00,	
3.370000e+00,	
3.390000e+00,	
3.410000e+00,	
3.420000e+00,	
3.430000e+00,	
3.460000e+00,	
3.470000e+00,	
3.490000e+00,	
3.510000e+00,	
3.540000e+00,	
3.550000e+00,	
3.580000e+00,	
3.590000e+00,	
3.610000e+00,	
3.630000e+00,	
3.650000e+00,	
3.660000e+00,	
3.670000e+00,	
3.700000e+00,	
3.710000e+00,	
3.730000e+00,	
3.750000e+00,	
3.770000e+00,	
3.790000e+00,	
3.820000e+00,	
3.830000e+00,	
3.850000e+00,	
3.870000e+00,	
3.890000e+00,	
3.900000e+00,	
3.910000e+00,	
3.940000e+00,	
3.950000e+00,	
3.970000e+00,	
3.990000e+00,	
4.010000e+00,	
4.020000e+00,	
4.040000e+00,	
4.060000e+00,	
4.070000e+00,	
4.090000e+00,	
4.100000e+00,	
4.130000e+00,	
4.140000e+00,	
4.160000e+00,	
4.170000e+00,	
4.190000e+00,	
4.200000e+00,	
4.220000e+00,	
4.240000e+00,	
4.260000e+00,	
4.270000e+00,	
4.290000e+00,	
4.310000e+00,	
4.320000e+00,	
4.340000e+00,	
4.360000e+00,	
4.380000e+00,	
4.390000e+00,	
4.410000e+00,	
4.420000e+00,	
4.440000e+00,	
4.460000e+00,	
4.470000e+00,	
4.490000e+00,	
4.510000e+00,	
4.520000e+00,	
4.540000e+00,	
4.560000e+00,	
4.570000e+00,	
4.590000e+00,	
4.610000e+00,	
4.620000e+00,	
4.640000e+00,	
4.660000e+00,	
4.670000e+00,	
4.690000e+00,	
4.700000e+00,	
4.720000e+00,	
4.740000e+00,	
4.760000e+00,	
4.770000e+00,	
4.790000e+00,	
4.810000e+00,	
4.830000e+00,	
4.840000e+00,	
4.860000e+00,	
4.870000e+00,	
4.890000e+00,	
4.910000e+00,	
4.930000e+00,	
4.940000e+00,	
4.960000e+00,	
4.970000e+00,	
4.990000e+00,	
5.010000e+00,	
5.020000e+00,	
5.040000e+00,	
5.050000e+00,	
5.070000e+00,	
5.090000e+00,	
5.110000e+00,	
5.120000e+00,	
5.140000e+00,	
5.160000e+00,	
5.170000e+00,	
5.190000e+00,	
5.210000e+00,	
5.230000e+00,	
5.240000e+00,	
5.260000e+00,	
5.280000e+00,	
5.300000e+00,	
5.310000e+00,	
5.330000e+00,	
5.350000e+00,	
5.370000e+00,	
5.390000e+00,	
5.400000e+00,	
5.420000e+00,	
5.440000e+00,	
5.460000e+00,	
5.470000e+00,	
5.490000e+00,	
5.510000e+00,	
5.520000e+00,	
5.540000e+00,	
5.560000e+00,	
5.580000e+00,	
5.590000e+00,	
5.610000e+00,	
5.630000e+00,	
5.640000e+00,	
5.660000e+00,	
5.670000e+00,	
5.690000e+00,	
5.710000e+00,	
5.720000e+00,	
5.740000e+00,	
5.750000e+00,	
5.770000e+00,	
5.790000e+00,	
5.800000e+00,	
5.820000e+00,	
5.840000e+00,	
5.850000e+00,	
5.870000e+00,	
5.880000e+00,	
5.890000e+00,	
5.910000e+00,	
5.930000e+00,	
5.940000e+00,	
5.960000e+00,	
5.980000e+00,	
5.990000e+00,	
6.010000e+00,	
6.030000e+00,	
6.040000e+00,	
6.060000e+00,	
6.080000e+00,	
6.100000e+00,	
6.110000e+00,	
6.130000e+00,	
6.150000e+00,	
6.160000e+00,	
6.180000e+00,	
6.200000e+00,	
6.210000e+00,	
6.230000e+00,	
6.250000e+00,	
6.260000e+00,	
6.280000e+00,	
6.300000e+00,	
6.310000e+00,	
6.330000e+00,	
6.340000e+00,	
6.360000e+00,	
6.380000e+00,	
6.400000e+00,	
6.420000e+00,	
6.430000e+00,	
6.450000e+00,	
6.470000e+00,	
6.490000e+00,	
6.500000e+00,	
6.510000e+00,	
6.540000e+00,	
6.550000e+00,	
6.570000e+00,	
6.580000e+00,	
6.600000e+00,	
6.620000e+00,	
6.640000e+00,	
6.650000e+00,	
6.670000e+00,	
6.690000e+00,	
6.710000e+00,	
6.720000e+00,	
6.740000e+00,	
6.760000e+00,	
6.770000e+00,	
6.790000e+00,	
6.800000e+00,	
6.820000e+00,	
6.840000e+00,	
6.850000e+00,	
6.870000e+00,	
6.890000e+00,	
6.900000e+00,	
6.920000e+00,	
6.940000e+00,	
6.960000e+00,	
6.970000e+00,	
6.990000e+00,	
7.010000e+00,	
7.030000e+00,	
7.050000e+00,	
7.060000e+00,	
7.080000e+00,	
7.100000e+00,	
7.110000e+00,	
7.130000e+00,	
7.150000e+00,	
7.170000e+00,	
7.180000e+00,	
7.200000e+00,	
7.210000e+00,	
7.230000e+00,	
7.240000e+00,	
7.260000e+00,	
7.280000e+00,	
7.300000e+00,	
7.310000e+00,	
7.330000e+00,	
7.350000e+00,	
7.370000e+00,	
7.380000e+00,	
7.390000e+00,	
7.410000e+00,	
7.430000e+00,	
7.450000e+00,	
7.470000e+00,	
7.480000e+00,	
7.500000e+00,	
7.520000e+00,	
7.530000e+00,	
7.550000e+00,	
7.560000e+00,	
7.580000e+00,	
7.600000e+00,	
7.620000e+00,	
7.640000e+00,	
7.650000e+00,	
7.670000e+00,	
7.680000e+00,	
7.700000e+00,	
7.720000e+00,	
7.730000e+00,	
7.750000e+00,	
7.770000e+00,	
7.790000e+00,	
7.800000e+00,	
7.820000e+00,	
7.840000e+00,	
7.860000e+00,	
7.880000e+00,	
7.890000e+00,	
7.910000e+00,	
7.920000e+00,	
7.940000e+00,	
7.950000e+00,	
7.970000e+00,	
7.990000e+00,	
8.000000e+00,	
8.020000e+00,	
8.030000e+00,	
8.050000e+00,	
8.070000e+00,	
8.080000e+00,	
8.100000e+00,	
8.120000e+00,	
8.130000e+00,	
8.150000e+00,	
8.170000e+00,	
8.190000e+00,	
8.200000e+00,	
8.220000e+00,	
8.240000e+00,	
8.260000e+00,	
8.270000e+00,	
8.290000e+00,	
8.300000e+00,	
8.320000e+00,	
8.340000e+00,	
8.360000e+00,	
8.370000e+00,	
8.390000e+00,	
8.410000e+00,	
8.430000e+00,	
8.440000e+00,	
8.460000e+00,	
8.480000e+00,	
8.490000e+00,	
8.510000e+00,	
8.530000e+00,	
8.540000e+00,	
8.560000e+00,	
8.580000e+00,	
8.600000e+00,	
8.610000e+00,	
8.630000e+00,	
8.650000e+00,	
8.660000e+00,	
8.680000e+00,	
8.690000e+00,	
8.700000e+00,	
8.710000e+00,	
8.730000e+00,	
8.750000e+00,	
8.770000e+00,	
8.780000e+00,	
8.800000e+00,	
8.820000e+00,	
8.840000e+00,	
8.860000e+00,	
8.870000e+00,	
8.890000e+00,	
8.910000e+00,	
8.930000e+00,	
8.940000e+00,	
8.960000e+00,	
8.970000e+00,	
8.990000e+00,	
9.010000e+00,	
9.030000e+00,	
9.040000e+00,	
9.060000e+00,	
9.070000e+00,	
9.090000e+00,	
9.110000e+00,	
9.120000e+00,	
9.140000e+00,	
9.160000e+00,	
9.170000e+00,	
9.190000e+00,	
9.210000e+00,	
9.230000e+00,	
9.240000e+00,	
9.260000e+00,	
9.280000e+00,	
9.290000e+00,	
9.310000e+00,	
9.330000e+00,	
9.340000e+00,	
9.360000e+00,	
9.380000e+00,	
9.400000e+00,	
9.410000e+00,	
9.430000e+00,	
9.440000e+00,	
9.460000e+00,	
9.480000e+00,	
9.490000e+00,	
9.510000e+00,	
9.530000e+00,	
9.550000e+00,	
9.560000e+00,	
9.580000e+00,	
9.590000e+00,	
9.610000e+00,	
9.630000e+00,	
9.640000e+00,	
9.660000e+00,	
9.680000e+00,	
9.690000e+00,	
9.710000e+00,	
9.720000e+00,	
9.740000e+00,	
9.760000e+00,	
9.770000e+00,	
9.790000e+00,	
9.810000e+00,	
9.830000e+00,	
9.840000e+00,	
9.850000e+00,	
9.870000e+00,	
9.890000e+00,	
9.910000e+00,	
9.920000e+00,	
9.940000e+00,	
9.960000e+00,	
9.970000e+00,	
9.990000e+00,	
1.000000e+01,	
1.002000e+01,	
1.004000e+01,	
1.006000e+01,	
1.007000e+01,	
1.009000e+01,	
1.011000e+01,	
1.012000e+01,	
1.014000e+01,	
1.016000e+01,	
1.017000e+01,	
1.019000e+01,	
1.021000e+01,	
1.022000e+01,	
1.024000e+01,	
1.026000e+01,	
1.027000e+01,	
1.029000e+01,	
1.031000e+01,	
1.032000e+01,	
1.034000e+01,	
1.036000e+01,	
1.037000e+01,	
1.039000e+01,	
1.041000e+01,	
1.042000e+01,	
1.044000e+01,	
1.046000e+01,	
1.048000e+01,	
1.049000e+01,	
1.051000e+01,	
1.052000e+01,	
1.054000e+01,	
1.056000e+01,	
1.058000e+01,	
1.060000e+01,	
1.062000e+01,	
1.063000e+01,	
1.065000e+01,	
1.067000e+01,	
1.068000e+01,	
1.070000e+01,	
1.071000e+01,	
1.073000e+01,	
1.075000e+01,	
1.077000e+01,	
1.078000e+01,	
1.080000e+01,	
1.082000e+01,	
1.084000e+01,	
1.085000e+01,	
1.087000e+01,	
1.089000e+01,	
1.091000e+01,	
1.093000e+01,	
1.094000e+01,	
1.096000e+01,	
1.097000e+01,	
1.099000e+01,	
1.101000e+01,	
1.102000e+01,	
1.104000e+01,	
1.106000e+01,	
1.108000e+01,	
1.109000e+01,	
1.111000e+01,	
1.113000e+01,	
1.115000e+01,	
1.117000e+01,	
1.118000e+01,	
1.120000e+01,	
1.121000e+01,	
1.123000e+01,	
1.125000e+01,	
1.127000e+01,	
1.129000e+01,	
1.130000e+01,	
1.132000e+01,	
1.134000e+01,	
1.135000e+01,	
1.137000e+01,	
1.139000e+01,	
1.141000e+01,	
1.143000e+01,	
1.145000e+01,	
1.146000e+01,	
1.148000e+01,	
1.150000e+01,	
1.151000e+01,	
1.153000e+01,	
1.155000e+01,	
1.156000e+01,	
1.158000e+01,	
1.160000e+01,	
1.162000e+01,	
1.163000e+01,	
1.165000e+01,	
1.167000e+01,	
1.168000e+01,	
1.170000e+01,	
1.172000e+01,	
1.173000e+01,	
1.174000e+01,	
1.176000e+01,	
1.178000e+01,	
1.180000e+01,	
1.182000e+01,	
1.184000e+01,	
1.186000e+01,	
1.187000e+01,	
1.189000e+01,	
1.190000e+01,	
1.192000e+01,	
1.194000e+01,	
1.196000e+01,	
1.198000e+01,	
1.199000e+01,	
1.201000e+01,	
1.202000e+01,	
1.204000e+01,	
1.206000e+01,	
1.208000e+01,	
1.209000e+01,	
1.211000e+01,	
1.213000e+01,	
1.214000e+01,	
1.216000e+01,	
1.218000e+01,	
1.219000e+01,	
1.221000e+01,	
1.223000e+01,	
1.224000e+01,	
1.226000e+01,	
1.227000e+01,	
1.229000e+01,	
1.231000e+01,	
1.232000e+01,	
1.234000e+01,	
1.236000e+01,	
1.237000e+01,	
1.239000e+01,	
1.241000e+01,	
1.243000e+01,	
1.244000e+01,	
1.246000e+01,	
1.248000e+01,	
1.249000e+01,	
1.251000e+01,	
1.253000e+01,	
1.255000e+01,	
1.257000e+01,	
1.258000e+01,	
1.260000e+01,	
1.262000e+01,	
1.264000e+01,	
1.265000e+01,	
1.267000e+01,	
1.269000e+01,	
1.271000e+01,	
1.272000e+01,	
1.274000e+01,	
1.276000e+01,	
1.278000e+01,	
1.279000e+01,	
1.281000e+01,	
1.283000e+01,	
1.285000e+01,	
1.286000e+01,	
1.288000e+01,	
1.290000e+01,	
1.291000e+01,	
1.293000e+01,	
1.295000e+01,	
1.297000e+01,	
1.298000e+01,	
1.300000e+01,	
1.302000e+01,	
1.303000e+01,	
1.305000e+01,	
1.307000e+01,	
1.308000e+01,	
1.310000e+01,	
1.311000e+01,	
1.313000e+01,	
1.315000e+01,	
1.317000e+01,	
1.319000e+01,	
1.321000e+01,	
1.322000e+01,	
1.324000e+01,	
1.325000e+01,	
1.327000e+01,	
1.329000e+01,	
1.330000e+01,	
1.332000e+01,	
1.334000e+01,	
1.335000e+01,	
1.337000e+01,	
1.339000e+01,	
1.341000e+01,	
1.342000e+01,	
1.344000e+01,	
1.346000e+01,	
1.347000e+01,	
1.349000e+01,	
1.351000e+01,	
1.353000e+01,	
1.354000e+01,	
1.356000e+01,	
1.358000e+01,	
1.360000e+01,	
1.361000e+01,	
1.363000e+01,	
1.365000e+01,	
1.367000e+01,	
1.368000e+01,	
1.370000e+01,	
1.371000e+01,	
1.373000e+01,	
1.375000e+01,	
1.376000e+01,	
1.378000e+01,	
1.380000e+01,	
1.381000e+01,	
1.383000e+01,	
1.384000e+01,	
1.386000e+01,	
1.388000e+01,	
1.390000e+01,	
1.392000e+01,	
1.393000e+01,	
1.395000e+01,	
1.397000e+01,	
1.399000e+01,	
1.400000e+01,	
1.402000e+01,	
1.404000e+01,	
1.405000e+01,	
1.407000e+01,	
1.409000e+01,	
1.410000e+01,	
1.412000e+01,	
1.413000e+01,	
1.415000e+01,	
1.417000e+01,	
1.419000e+01,	
1.421000e+01,	
1.422000e+01,	
1.424000e+01,	
1.426000e+01,	
1.428000e+01,	
1.429000e+01,	
1.431000e+01,	
1.433000e+01,	
1.434000e+01,	
1.436000e+01,	
1.437000e+01,	
1.439000e+01,	
1.441000e+01,	
1.443000e+01,	
1.444000e+01,	
1.446000e+01,	
1.448000e+01,	
1.449000e+01,	
1.451000e+01,	
1.452000e+01,	
1.454000e+01,	
1.456000e+01,	
1.458000e+01,	
1.460000e+01,	
1.461000e+01,	
1.463000e+01,	
1.464000e+01,	
1.466000e+01,	
1.467000e+01,	
1.469000e+01,	
1.471000e+01,	
1.473000e+01,	
1.475000e+01,	
1.476000e+01,	
1.478000e+01,	
1.480000e+01,	
1.482000e+01,	
1.484000e+01,	
1.485000e+01,	
1.487000e+01,	
1.488000e+01,	
1.490000e+01,	
1.492000e+01,	
1.494000e+01,	
1.496000e+01,	
1.497000e+01,	
1.499000e+01,	
1.500000e+01,	
1.502000e+01,	
1.504000e+01,	
1.506000e+01,	
1.507000e+01,	
1.509000e+01,	
1.511000e+01,	
1.513000e+01,	
1.514000e+01,	
1.516000e+01,	
1.518000e+01,	
1.519000e+01,	
1.521000e+01,	
1.523000e+01,	
1.524000e+01,	
1.526000e+01,	
1.528000e+01,	
1.529000e+01,	
1.531000e+01,	
1.533000e+01,	
1.534000e+01,	
1.536000e+01,	
1.538000e+01,	
1.540000e+01,	
1.541000e+01,	
1.543000e+01,	
1.545000e+01,	
1.546000e+01,	
1.548000e+01,	
1.549000e+01,	
1.551000e+01,	
1.553000e+01,	
1.555000e+01,	
1.556000e+01,	
1.558000e+01,	
1.559000e+01,	
1.561000e+01,	
1.563000e+01,	
1.564000e+01,	
1.566000e+01,	
1.567000e+01,	
1.569000e+01,	
1.571000e+01,	
1.573000e+01,	
1.575000e+01,	
1.576000e+01,	
1.578000e+01,	
1.580000e+01,	
1.582000e+01,	
1.583000e+01,	
1.585000e+01,	
1.586000e+01,	
1.588000e+01,	
1.589000e+01,	
1.591000e+01,	
1.593000e+01,	
1.595000e+01,	
1.596000e+01,	
1.598000e+01,	
1.600000e+01,	
1.601000e+01,	
1.603000e+01,	
1.605000e+01,	
1.606000e+01,	
1.608000e+01,	
1.610000e+01,	
1.612000e+01,	
1.614000e+01,	
1.615000e+01,	
1.617000e+01,	
1.619000e+01,	
1.620000e+01,	
1.622000e+01,	
1.624000e+01,	
1.626000e+01,	
1.627000e+01,	
1.629000e+01,	
1.630000e+01,	
1.632000e+01,	
1.634000e+01,	
1.635000e+01,	
1.637000e+01,	
1.639000e+01,	
1.640000e+01,	
1.642000e+01,	
1.644000e+01,	
1.645000e+01,	
1.647000e+01,	
1.648000e+01,	
1.650000e+01,	
1.652000e+01,	
1.654000e+01,	
1.656000e+01,	
1.657000e+01,	
1.659000e+01,	
1.661000e+01,	
1.662000e+01,	
1.664000e+01,	
1.666000e+01,	
1.667000e+01,	
1.669000e+01,	
1.671000e+01,	
1.673000e+01,	
1.674000e+01,	
1.676000e+01,	
1.677000e+01,	
1.679000e+01,	
1.681000e+01,	
1.683000e+01,	
1.684000e+01,	
1.686000e+01,	
1.688000e+01,	
1.690000e+01,	
1.691000e+01,	
1.693000e+01,	
1.695000e+01,	
1.697000e+01,	
1.698000e+01,	
1.700000e+01,	
1.701000e+01,	
1.703000e+01,	
1.705000e+01,	
1.706000e+01,	
1.708000e+01,	
1.710000e+01,	
1.711000e+01,	
1.713000e+01,	
1.715000e+01,	
1.717000e+01,	
1.718000e+01,	
1.720000e+01,	
1.721000e+01,	
1.723000e+01,	
1.725000e+01,	
1.726000e+01,	
1.728000e+01,	
1.730000e+01,	
1.731000e+01,	
1.733000e+01,	
1.735000e+01,	
1.736000e+01,	
1.738000e+01,	
1.740000e+01,	
1.741000e+01,	
1.743000e+01,	
1.745000e+01,	
1.746000e+01,	
1.748000e+01,	
1.749000e+01,	
1.751000e+01,	
1.753000e+01,	
1.754000e+01,	
1.756000e+01,	
1.758000e+01,	
1.760000e+01,	
1.761000e+01,	
1.763000e+01,	
1.765000e+01,	
1.766000e+01,	
1.768000e+01,	
1.769000e+01,	
1.771000e+01,	
1.773000e+01,	
1.775000e+01,	
1.776000e+01,	
1.778000e+01,	
1.780000e+01,	
1.782000e+01,	
1.783000e+01,	
1.785000e+01,	
1.787000e+01,	
1.788000e+01,	
1.790000e+01,	
1.792000e+01,	
1.793000e+01,	
1.795000e+01,	
1.797000e+01,	
1.798000e+01,	
1.800000e+01,	
1.802000e+01,	
1.804000e+01,	
1.805000e+01,	
1.807000e+01,	
1.809000e+01,	
1.811000e+01,	
1.812000e+01,	
1.814000e+01,	
1.815000e+01,	
1.817000e+01,	
1.819000e+01,	
1.821000e+01,	
1.822000e+01,	
1.824000e+01,	
1.826000e+01,	
1.827000e+01,	
1.829000e+01,	
1.831000e+01,	
1.832000e+01,	
1.834000e+01,	
1.836000e+01,	
1.837000e+01,	
1.839000e+01,	
1.841000e+01,	
1.842000e+01,	
1.844000e+01,	
1.846000e+01,	
1.847000e+01,	
1.849000e+01,	
1.851000e+01,	
1.853000e+01,	
1.854000e+01,	
1.856000e+01,	
1.858000e+01,	
1.859000e+01,	
1.861000e+01,	
1.863000e+01,	
1.864000e+01,	
1.866000e+01,	
1.868000e+01,	
1.869000e+01,	
1.871000e+01,	
1.873000e+01,	
1.875000e+01,	
1.876000e+01,	
1.878000e+01,	
1.880000e+01,	
1.882000e+01,	
1.883000e+01,	
1.885000e+01,	
1.887000e+01,	
1.888000e+01,	
1.890000e+01,	
1.891000e+01,	
1.893000e+01,	
1.895000e+01,	
1.897000e+01,	
1.898000e+01,	
1.900000e+01,	
1.902000e+01,	
1.903000e+01,	
1.905000e+01,	
1.907000e+01,	
1.908000e+01,	
1.910000e+01,	
1.912000e+01,	
1.913000e+01,	
1.915000e+01,	
1.917000e+01,	
1.918000e+01,	
1.920000e+01,	
1.922000e+01,	
1.924000e+01,	
1.925000e+01,	
1.927000e+01,	
1.928000e+01,	
1.930000e+01,	
1.932000e+01,	
1.933000e+01,	
1.935000e+01,	
1.937000e+01,	
1.939000e+01,	
1.941000e+01,	
1.943000e+01,	
1.944000e+01,	
1.946000e+01,	
1.948000e+01,	
1.949000e+01,	
1.951000e+01,	
1.953000e+01,	
1.954000e+01,	
1.956000e+01,	
1.958000e+01,	
1.960000e+01,	
1.961000e+01,	
1.963000e+01,	
1.965000e+01,	
1.967000e+01,	
1.968000e+01,	
1.970000e+01,	
1.972000e+01,	
1.973000e+01,	
1.975000e+01,	
1.977000e+01,	
1.978000e+01,	
1.980000e+01,	
1.982000e+01,	
1.983000e+01,	
1.985000e+01,	
1.987000e+01,	
1.988000e+01,	
1.990000e+01,	
1.992000e+01,	
1.993000e+01,	
1.995000e+01,	
1.997000e+01,	
1.999000e+01,	
2.001000e+01,	
2.002000e+01,	
2.004000e+01,	
2.005000e+01,	
2.007000e+01,	
2.008000e+01,	
2.010000e+01,	
2.012000e+01,	
2.013000e+01,	
2.015000e+01,	
2.017000e+01,	
2.018000e+01,	
2.020000e+01,	
2.022000e+01,	
2.023000e+01,	
2.025000e+01,	
2.027000e+01,	
2.028000e+01,	
2.030000e+01,	
2.032000e+01,	
2.033000e+01,	
2.035000e+01,	
2.037000e+01,	
2.038000e+01,	
2.040000e+01,	
2.041000e+01,	
2.044000e+01,	
2.045000e+01,	
2.047000e+01,	
2.049000e+01,	
2.050000e+01,	
2.052000e+01,	
2.054000e+01,	
2.055000e+01,	
2.057000e+01,	
2.059000e+01,	
2.061000e+01,	
2.062000e+01,	
2.064000e+01,	
2.066000e+01,	
2.067000e+01,	
2.069000e+01,	
2.071000e+01,	
2.072000e+01,	
2.074000e+01,	
2.076000e+01,	
2.077000e+01,	
2.079000e+01,	
2.081000e+01,	
2.082000e+01,	
2.084000e+01,	
2.086000e+01,	
2.088000e+01,	
2.089000e+01,	
2.091000e+01,	
2.092000e+01,	
2.094000e+01,	
2.096000e+01,	
2.097000e+01,	
2.099000e+01,	
2.101000e+01,	
2.102000e+01,	
2.104000e+01,	
2.106000e+01,	
2.107000e+01,	
2.109000e+01,	
2.111000e+01,	
2.113000e+01,	
2.114000e+01,	
2.116000e+01,	
2.118000e+01,	
2.120000e+01,	
2.121000e+01,	
2.123000e+01,	
2.125000e+01,	
2.126000e+01,	
2.128000e+01,	
2.130000e+01,	
2.131000e+01,	
2.133000e+01,	
2.135000e+01,	
2.137000e+01,	
2.138000e+01,	
2.140000e+01,	
2.142000e+01,	
2.143000e+01,	
2.145000e+01,	
2.146000e+01,	
2.148000e+01,	
2.150000e+01,	
2.151000e+01,	
2.153000e+01,	
2.155000e+01,	
2.156000e+01,	
2.158000e+01,	
2.159000e+01,	
2.161000e+01,	
2.163000e+01,	
2.165000e+01,	
2.167000e+01,	
2.169000e+01,	
2.171000e+01,	
2.173000e+01,	
2.175000e+01,	
2.177000e+01,	
2.178000e+01,	
2.180000e+01,	
2.182000e+01,	
2.184000e+01,	
2.186000e+01,	
2.188000e+01,	
2.189000e+01,	
2.191000e+01,	
2.193000e+01,	
2.195000e+01,	
2.196000e+01,	
2.198000e+01,	
2.199000e+01,	
2.201000e+01,	
2.202000e+01,	
2.204000e+01,	
2.206000e+01,	
2.208000e+01,	
2.210000e+01,	
2.212000e+01,	
2.213000e+01,	
2.215000e+01,	
2.217000e+01,	
2.219000e+01,	
2.220000e+01,	
2.222000e+01,	
2.224000e+01,	
2.226000e+01,	
2.227000e+01,	
2.229000e+01,	
2.231000e+01,	
2.232000e+01,	
2.234000e+01,	
2.235000e+01,	
2.237000e+01,	
2.238000e+01,	
2.240000e+01,	
2.242000e+01,	
2.244000e+01,	
2.246000e+01,	
2.248000e+01,	
2.249000e+01,	
2.251000e+01,	
2.252000e+01,	
2.254000e+01,	
2.256000e+01,	
2.257000e+01,	
2.259000e+01,	
2.261000e+01,	
2.262000e+01,	
2.264000e+01,	
2.265000e+01,	
2.267000e+01,	
2.269000e+01,	
2.271000e+01,	
2.272000e+01,	
2.273000e+01,	
2.275000e+01,	
2.277000e+01,	
2.279000e+01,	
2.281000e+01,	
2.283000e+01,	
2.284000e+01,	
2.286000e+01,	
2.288000e+01,	
2.289000e+01,	
2.291000e+01,	
2.293000e+01,	
2.294000e+01,	
2.296000e+01,	
2.297000e+01,	
2.299000e+01,	
2.301000e+01,	
2.303000e+01,	
2.305000e+01,	
2.306000e+01,	
2.308000e+01,	
2.310000e+01,	
2.311000e+01,	
2.313000e+01,	
2.315000e+01,	
2.316000e+01,	
2.318000e+01,	
2.320000e+01,	
2.321000e+01,	
2.323000e+01,	
2.325000e+01,	
2.327000e+01,	
2.328000e+01,	
2.330000e+01,	
2.332000e+01,	
2.333000e+01,	
2.335000e+01,	
2.337000e+01,	
2.339000e+01,	
2.340000e+01,	
2.342000e+01,	
2.343000e+01,	
2.345000e+01,	
2.347000e+01,	
2.348000e+01,	
2.350000e+01,	
2.352000e+01,	
2.353000e+01,	
2.355000e+01,	
2.357000e+01,	
2.358000e+01,	
2.360000e+01,	
2.362000e+01,	
2.363000e+01,	
2.365000e+01,	
2.367000e+01,	
2.368000e+01,	
2.370000e+01,	
2.372000e+01,	
2.373000e+01,	
2.375000e+01,	
2.377000e+01,	
2.378000e+01,	
2.380000e+01,	
2.382000e+01,	
2.384000e+01,	
2.385000e+01,	
2.387000e+01,	
2.389000e+01,	
2.390000e+01,	
2.392000e+01,	
2.394000e+01,	
2.395000e+01,	
2.397000e+01,	
2.399000e+01,	
2.400000e+01,	
2.402000e+01,	
2.404000e+01,	
2.406000e+01,	
2.407000e+01,	
2.409000e+01,	
2.410000e+01,	
2.412000e+01,	
2.413000e+01,	
2.415000e+01,	
2.417000e+01,	
2.419000e+01,	
2.420000e+01,	
2.422000e+01,	
2.423000e+01,	
2.425000e+01,	
2.427000e+01,	
2.429000e+01,	
2.430000e+01,	
2.431000e+01,	
2.433000e+01,	
2.435000e+01,	
2.436000e+01,	
2.438000e+01,	
2.439000e+01,	
2.441000e+01,	
2.443000e+01,	
2.445000e+01,	
2.447000e+01,	
2.448000e+01,	
2.449000e+01,	
2.451000e+01,	
2.453000e+01,	
2.454000e+01,	
2.456000e+01,	
2.458000e+01,	
2.460000e+01,	
2.462000e+01,	
2.463000e+01,	
2.465000e+01,	
2.467000e+01,	
2.469000e+01,	
2.470000e+01,	
2.472000e+01,	
2.473000e+01,	
2.475000e+01,	
2.477000e+01,	
2.479000e+01,	
2.481000e+01,	
2.482000e+01,	
2.484000e+01,	
2.486000e+01,	
2.488000e+01,	
2.489000e+01,	
2.491000e+01,	
2.492000e+01,	
2.494000e+01,	
2.496000e+01,	
2.497000e+01,	
2.499000e+01,	
2.501000e+01,	
2.503000e+01,	
2.504000e+01,	
2.506000e+01,	
2.508000e+01,	
2.509000e+01,	
2.511000e+01,	
2.512000e+01,	
2.514000e+01,	
2.515000e+01,	
2.517000e+01,	
2.519000e+01,	
2.520000e+01,	
2.522000e+01,	
2.523000e+01,	
2.525000e+01,	
2.527000e+01,	
2.528000e+01,	
2.530000e+01,	
2.531000e+01,	
2.533000e+01,	
2.535000e+01,	
2.537000e+01,	
2.538000e+01,	
2.540000e+01,	
2.542000e+01,	
2.543000e+01,	
2.545000e+01,	
2.547000e+01,	
2.548000e+01,	
2.550000e+01,	
2.551000e+01,	
2.553000e+01,	
2.555000e+01,	
2.556000e+01,	
2.558000e+01,	
2.560000e+01,	
2.561000e+01,	
2.563000e+01,	
2.565000e+01,	
2.566000e+01,	
2.568000e+01,	
2.570000e+01,	
2.571000e+01,	
2.573000e+01,	
2.575000e+01,	
2.577000e+01,	
2.578000e+01,	
2.580000e+01,	
2.582000e+01,	
2.583000e+01,	
2.585000e+01,	
2.586000e+01,	
2.588000e+01,	
2.590000e+01,	
2.591000e+01,	
2.593000e+01,	
2.595000e+01,	
2.597000e+01,	
2.598000e+01,	
2.600000e+01,	
2.601000e+01,	
2.603000e+01,	
2.605000e+01,	
2.607000e+01,	
2.608000e+01,	
2.610000e+01,	
2.612000e+01,	
2.614000e+01,	
2.616000e+01,	
2.617000e+01,	
2.619000e+01,	
2.621000e+01,	
2.623000e+01,	
2.625000e+01,	
2.626000e+01,	
2.628000e+01,	
2.629000e+01,	
2.631000e+01,	
2.633000e+01,	
2.635000e+01,	
2.636000e+01,	
2.638000e+01,	
2.640000e+01,	
2.641000e+01,	
2.643000e+01,	
2.645000e+01,	
2.646000e+01,	
2.648000e+01,	
2.650000e+01,	
2.651000e+01,	
2.653000e+01,	
2.655000e+01,	
2.656000e+01,	
2.658000e+01,	
2.660000e+01,	
2.662000e+01,	
2.663000e+01,	
2.665000e+01,	
2.667000e+01,	
2.668000e+01,	
2.670000e+01,	
2.671000e+01,	
2.673000e+01,	
2.675000e+01,	
2.676000e+01,	
2.678000e+01,	
2.680000e+01,	
2.682000e+01,	
2.683000e+01,	
2.685000e+01,	
2.687000e+01,	
2.689000e+01,	
2.690000e+01,	
2.692000e+01,	
2.693000e+01,	
2.695000e+01,	
2.697000e+01,	
2.699000e+01,	
2.700000e+01,	
2.702000e+01,	
2.704000e+01,	
2.706000e+01,	
2.707000e+01,	
2.709000e+01,	
2.711000e+01,	
2.712000e+01,	
2.714000e+01,	
2.716000e+01,	
2.718000e+01,	
2.719000e+01,	
2.721000e+01,	
2.723000e+01,	
2.725000e+01,	
2.726000e+01,	
2.728000e+01,	
2.730000e+01,	
2.732000e+01,	
2.733000e+01,	
2.735000e+01,	
2.737000e+01,	
2.739000e+01,	
2.741000e+01,	
2.742000e+01,	
2.744000e+01,	
2.745000e+01,	
2.747000e+01,	
2.749000e+01,	
2.750000e+01,	
2.752000e+01,	
2.754000e+01,	
2.755000e+01,	
2.757000e+01,	
2.759000e+01,	
2.760000e+01,	
2.762000e+01,	
2.764000e+01,	
2.766000e+01,	
2.767000e+01,	
2.769000e+01,	
2.771000e+01,	
2.773000e+01,	
2.774000e+01,	
2.776000e+01,	
2.778000e+01,	
2.780000e+01,	
2.781000e+01,	
2.783000e+01,	
2.785000e+01,	
2.786000e+01,	
2.788000e+01,	
2.790000e+01,	
2.791000e+01,	
2.793000e+01,	
2.795000e+01,	
2.797000e+01,	
2.798000e+01,	
2.800000e+01,	
2.802000e+01,	
2.804000e+01,	
2.806000e+01,	
2.807000e+01,	
2.809000e+01,	
2.811000e+01,	
2.812000e+01,	
2.814000e+01,	
2.815000e+01,	
2.817000e+01,	
2.819000e+01,	
2.821000e+01,	
2.823000e+01,	
2.824000e+01,	
2.826000e+01,	
2.828000e+01,	
2.829000e+01,	
