5.153869e-02,	-4.488758e-03,	9.881313e-324,	
5.148004e-02,	-4.135260e-03,	9.881313e-324,	
5.150257e-02,	-3.987401e-03,	9.881313e-324,	
5.171557e-02,	-3.725819e-03,	9.881313e-324,	
5.176198e-02,	-3.520766e-03,	9.881313e-324,	
5.210092e-02,	-3.828444e-03,	9.881313e-324,	
5.325534e-02,	-3.824109e-03,	9.881313e-324,	
5.367894e-02,	-3.598411e-03,	9.881313e-324,	
5.263076e-02,	-3.550822e-03,	9.881313e-324,	
5.262612e-02,	-3.413142e-03,	9.881313e-324,	
5.230127e-02,	-3.025942e-03,	9.881313e-324,	
5.131890e-02,	-2.923961e-03,	9.881313e-324,	
4.997877e-02,	-2.575829e-03,	9.881313e-324,	
4.999642e-02,	-3.318112e-03,	9.881313e-324,	
4.825760e-02,	-4.187075e-03,	9.881313e-324,	
4.819082e-02,	-4.396318e-03,	9.881313e-324,	
4.693978e-02,	-4.599923e-03,	9.881313e-324,	
5.079030e-02,	-5.517247e-03,	9.881313e-324,	
5.189264e-02,	-5.527238e-03,	9.881313e-324,	
5.254224e-02,	-5.676738e-03,	9.881313e-324,	
5.219748e-02,	-5.343939e-03,	9.881313e-324,	
5.109146e-02,	-4.579154e-03,	9.881313e-324,	
4.954052e-02,	-4.123501e-03,	9.881313e-324,	
4.885768e-02,	-4.235543e-03,	9.881313e-324,	
4.811968e-02,	-4.174755e-03,	9.881313e-324,	
4.750989e-02,	-4.109208e-03,	9.881313e-324,	
4.727535e-02,	-4.248258e-03,	9.881313e-324,	
4.802242e-02,	-4.338341e-03,	9.881313e-324,	
4.761251e-02,	-4.546869e-03,	9.881313e-324,	
4.764991e-02,	-4.889850e-03,	9.881313e-324,	
4.810388e-02,	-5.245606e-03,	9.881313e-324,	
4.760671e-02,	-5.173032e-03,	9.881313e-324,	
4.734743e-02,	-5.012669e-03,	9.881313e-324,	
4.787101e-02,	-5.023803e-03,	9.881313e-324,	
4.737861e-02,	-4.985282e-03,	9.881313e-324,	
4.686340e-02,	-4.772126e-03,	9.881313e-324,	
4.648942e-02,	-4.678770e-03,	9.881313e-324,	
4.617322e-02,	-4.486676e-03,	9.881313e-324,	
4.598699e-02,	-4.509283e-03,	9.881313e-324,	
4.642336e-02,	-4.637273e-03,	9.881313e-324,	
4.616489e-02,	-4.768168e-03,	9.881313e-324,	
4.624189e-02,	-4.705945e-03,	9.881313e-324,	
4.605530e-02,	-4.874420e-03,	9.881313e-324,	
4.603276e-02,	-4.755069e-03,	9.881313e-324,	
4.630919e-02,	-4.651894e-03,	9.881313e-324,	
4.661028e-02,	-4.719717e-03,	9.881313e-324,	
4.766543e-02,	-4.972125e-03,	9.881313e-324,	
4.807053e-02,	-4.893223e-03,	9.881313e-324,	
4.765356e-02,	-4.787333e-03,	9.881313e-324,	
4.712651e-02,	-4.781154e-03,	9.881313e-324,	
4.722018e-02,	-4.965673e-03,	9.881313e-324,	
4.626156e-02,	-4.954002e-03,	9.881313e-324,	
4.531685e-02,	-4.926360e-03,	9.881313e-324,	
4.412615e-02,	-4.629391e-03,	9.881313e-324,	
4.391844e-02,	-4.453154e-03,	9.881313e-324,	
4.386450e-02,	-4.363729e-03,	9.881313e-324,	
4.219232e-02,	-4.209821e-03,	9.881313e-324,	
4.163970e-02,	-4.429602e-03,	9.881313e-324,	
4.104423e-02,	-5.031541e-03,	9.881313e-324,	
4.178998e-02,	-5.066366e-03,	9.881313e-324,	
4.019226e-02,	-5.134334e-03,	9.881313e-324,	
3.905364e-02,	-5.556859e-03,	9.881313e-324,	
3.867765e-02,	-5.819853e-03,	9.881313e-324,	
3.760249e-02,	-5.632198e-03,	9.881313e-324,	
3.736883e-02,	-5.537099e-03,	9.881313e-324,	
3.575808e-02,	-5.546681e-03,	9.881313e-324,	
3.496988e-02,	-5.359672e-03,	9.881313e-324,	
3.365000e-02,	-5.372344e-03,	9.881313e-324,	
3.491310e-02,	-5.731860e-03,	9.881313e-324,	
3.486329e-02,	-5.457943e-03,	9.881313e-324,	
3.396767e-02,	-5.333792e-03,	9.881313e-324,	
3.286649e-02,	-5.407201e-03,	9.881313e-324,	
3.245582e-02,	-5.631496e-03,	9.881313e-324,	
3.377949e-02,	-5.633566e-03,	9.881313e-324,	
3.297580e-02,	-5.645263e-03,	9.881313e-324,	
3.248696e-02,	-5.681598e-03,	9.881313e-324,	
3.160486e-02,	-5.846964e-03,	9.881313e-324,	
3.200388e-02,	-6.281473e-03,	9.881313e-324,	
3.280152e-02,	-6.188089e-03,	9.881313e-324,	
3.154456e-02,	-5.699043e-03,	9.881313e-324,	
3.112229e-02,	-5.675957e-03,	9.881313e-324,	
3.179577e-02,	-6.046774e-03,	9.881313e-324,	
2.941798e-02,	-6.105822e-03,	9.881313e-324,	
2.759068e-02,	-6.255340e-03,	9.881313e-324,	
2.783828e-02,	-6.677672e-03,	9.881313e-324,	
2.703525e-02,	-6.655252e-03,	9.881313e-324,	
2.650787e-02,	-6.592749e-03,	9.881313e-324,	
2.669239e-02,	-6.454329e-03,	9.881313e-324,	
2.691330e-02,	-6.099959e-03,	9.881313e-324,	
2.590370e-02,	-5.601684e-03,	9.881313e-324,	
2.606326e-02,	-5.242229e-03,	9.881313e-324,	
2.634022e-02,	-4.854646e-03,	9.881313e-324,	
2.585503e-02,	-4.170297e-03,	9.881313e-324,	
2.663869e-02,	-3.678840e-03,	9.881313e-324,	
2.683859e-02,	-3.391196e-03,	9.881313e-324,	
2.688148e-02,	-3.373750e-03,	9.881313e-324,	
2.611877e-02,	-2.661253e-03,	9.881313e-324,	
2.623836e-02,	-2.565609e-03,	9.881313e-324,	
2.709105e-02,	-2.486619e-03,	9.881313e-324,	
2.704006e-02,	-1.370387e-03,	9.881313e-324,	
2.617787e-02,	-1.206171e-03,	9.881313e-324,	
2.708570e-02,	-4.305341e-04,	9.881313e-324,	
2.719973e-02,	-2.443691e-04,	9.881313e-324,	
2.614775e-02,	8.601799e-04,	9.881313e-324,	
2.400890e-02,	1.766048e-03,	9.881313e-324,	
2.364247e-02,	2.178539e-03,	9.881313e-324,	
2.375660e-02,	3.007811e-03,	9.881313e-324,	
2.293533e-02,	4.489847e-03,	9.881313e-324,	
2.364149e-02,	6.271874e-03,	9.881313e-324,	
2.266396e-02,	6.313009e-03,	9.881313e-324,	
2.234302e-02,	8.889705e-03,	9.881313e-324,	
2.253044e-02,	1.013455e-02,	9.881313e-324,	
2.002932e-02,	1.172617e-02,	9.881313e-324,	
1.993643e-02,	1.314478e-02,	9.881313e-324,	
2.071259e-02,	1.632531e-02,	9.881313e-324,	
1.916563e-02,	1.797739e-02,	9.881313e-324,	
1.868096e-02,	1.913128e-02,	9.881313e-324,	
1.781473e-02,	2.084170e-02,	9.881313e-324,	
1.774489e-02,	2.283846e-02,	9.881313e-324,	
1.729013e-02,	2.530448e-02,	9.881313e-324,	
1.601952e-02,	2.784666e-02,	9.881313e-324,	
1.568328e-02,	2.996534e-02,	9.881313e-324,	
1.467838e-02,	3.183326e-02,	9.881313e-324,	
1.527562e-02,	3.438329e-02,	9.881313e-324,	
1.693866e-02,	3.739650e-02,	9.881313e-324,	
1.494163e-02,	4.008105e-02,	9.881313e-324,	
1.482594e-02,	4.274453e-02,	9.881313e-324,	
1.582793e-02,	4.481035e-02,	9.881313e-324,	
1.529165e-02,	4.795144e-02,	9.881313e-324,	
1.486140e-02,	4.991468e-02,	9.881313e-324,	
1.672010e-02,	5.065385e-02,	9.881313e-324,	
1.582248e-02,	5.350605e-02,	9.881313e-324,	
1.605571e-02,	5.785163e-02,	9.881313e-324,	
1.588974e-02,	5.910284e-02,	9.881313e-324,	
1.500531e-02,	5.973766e-02,	9.881313e-324,	
1.391872e-02,	6.260183e-02,	9.881313e-324,	
1.382537e-02,	6.333543e-02,	9.881313e-324,	
1.419332e-02,	6.817092e-02,	9.881313e-324,	
1.301265e-02,	7.001124e-02,	9.881313e-324,	
1.229576e-02,	7.284182e-02,	9.881313e-324,	
1.090413e-02,	7.620134e-02,	9.881313e-324,	
1.192219e-02,	7.878857e-02,	9.881313e-324,	
1.141274e-02,	7.860891e-02,	9.881313e-324,	
9.649541e-03,	8.194764e-02,	9.881313e-324,	
9.137757e-03,	8.509345e-02,	9.881313e-324,	
9.011716e-03,	8.635969e-02,	9.881313e-324,	
1.119755e-02,	8.665202e-02,	9.881313e-324,	
9.067489e-03,	8.782571e-02,	9.881313e-324,	
8.296721e-03,	8.885769e-02,	9.881313e-324,	
6.695668e-03,	8.929406e-02,	9.881313e-324,	
5.315301e-03,	9.392890e-02,	9.881313e-324,	
5.372922e-03,	9.415695e-02,	9.881313e-324,	
9.438653e-03,	9.525672e-02,	9.881313e-324,	
5.505810e-03,	9.850181e-02,	9.881313e-324,	
6.967297e-03,	9.620807e-02,	9.881313e-324,	
5.088049e-03,	9.559538e-02,	9.881313e-324,	
6.149159e-03,	9.287400e-02,	9.881313e-324,	
6.106305e-03,	9.039515e-02,	9.881313e-324,	
4.321593e-03,	8.930528e-02,	9.881313e-324,	
3.634415e-03,	8.994291e-02,	9.881313e-324,	
-2.550079e-03,	8.910902e-02,	9.881313e-324,	
-2.758802e-03,	8.916067e-02,	9.881313e-324,	
-4.894667e-03,	8.875321e-02,	9.881313e-324,	
-1.687975e-03,	8.772941e-02,	9.881313e-324,	
1.314819e-03,	8.940377e-02,	9.881313e-324,	
2.138468e-04,	8.866294e-02,	9.881313e-324,	
7.928437e-04,	8.887098e-02,	9.881313e-324,	
-4.016347e-03,	9.005494e-02,	9.881313e-324,	
-5.964817e-03,	9.420467e-02,	9.881313e-324,	
-4.207453e-03,	9.498600e-02,	9.881313e-324,	
-3.166538e-03,	9.319864e-02,	9.881313e-324,	
-2.735228e-03,	9.645664e-02,	9.881313e-324,	
-4.251817e-03,	9.713688e-02,	9.881313e-324,	
-2.161243e-03,	9.581250e-02,	9.881313e-324,	
3.263662e-03,	9.049770e-02,	9.881313e-324,	
3.870057e-04,	8.853032e-02,	9.881313e-324,	
4.520675e-03,	8.681606e-02,	9.881313e-324,	
6.531724e-03,	8.477485e-02,	9.881313e-324,	
4.216193e-03,	7.632887e-02,	9.881313e-324,	
4.752076e-03,	7.418844e-02,	9.881313e-324,	
6.883892e-03,	6.761478e-02,	9.881313e-324,	
6.172083e-03,	7.156160e-02,	9.881313e-324,	
9.095493e-03,	6.562869e-02,	9.881313e-324,	
1.047345e-02,	6.791438e-02,	9.881313e-324,	
1.436523e-02,	6.802636e-02,	9.881313e-324,	
1.485661e-02,	6.279370e-02,	9.881313e-324,	
1.917921e-02,	5.864663e-02,	9.881313e-324,	
1.975592e-02,	5.390432e-02,	9.881313e-324,	
1.946580e-02,	5.387839e-02,	9.881313e-324,	
2.458373e-02,	4.341951e-02,	9.881313e-324,	
2.459884e-02,	3.658516e-02,	9.881313e-324,	
2.749643e-02,	2.984260e-02,	9.881313e-324,	
3.193902e-02,	1.895376e-02,	9.881313e-324,	
3.210371e-02,	1.699735e-02,	9.881313e-324,	
3.392435e-02,	8.352778e-03,	9.881313e-324,	
3.372115e-02,	1.163696e-02,	9.881313e-324,	
3.672954e-02,	4.056443e-03,	9.881313e-324,	
3.782660e-02,	1.147686e-03,	9.881313e-324,	
4.036252e-02,	-2.755545e-03,	9.881313e-324,	
4.419302e-02,	-1.293688e-02,	9.881313e-324,	
4.573784e-02,	-1.425630e-02,	9.881313e-324,	
4.690835e-02,	-2.332146e-02,	9.881313e-324,	
4.992905e-02,	-2.582410e-02,	9.881313e-324,	
4.977547e-02,	-2.913300e-02,	9.881313e-324,	
5.403819e-02,	-3.315694e-02,	9.881313e-324,	
5.607066e-02,	-3.923059e-02,	9.881313e-324,	
6.175047e-02,	-4.676698e-02,	9.881313e-324,	
6.543160e-02,	-4.858999e-02,	9.881313e-324,	
6.761630e-02,	-5.228328e-02,	9.881313e-324,	
7.139117e-02,	-5.538598e-02,	9.881313e-324,	
7.643825e-02,	-6.074815e-02,	9.881313e-324,	
7.899226e-02,	-6.449844e-02,	9.881313e-324,	
8.249373e-02,	-6.765828e-02,	9.881313e-324,	
8.776322e-02,	-7.339313e-02,	9.881313e-324,	
8.981085e-02,	-7.248224e-02,	9.881313e-324,	
9.266730e-02,	-7.765708e-02,	9.881313e-324,	
9.642691e-02,	-7.835555e-02,	9.881313e-324,	
9.866624e-02,	-8.413332e-02,	9.881313e-324,	
1.009643e-01,	-8.779873e-02,	9.881313e-324,	
1.013056e-01,	-9.016504e-02,	9.881313e-324,	
1.016976e-01,	-9.243625e-02,	9.881313e-324,	
1.003729e-01,	-9.232197e-02,	9.881313e-324,	
1.016989e-01,	-9.510575e-02,	9.881313e-324,	
1.025250e-01,	-9.563688e-02,	9.881313e-324,	
1.008254e-01,	-9.303778e-02,	9.881313e-324,	
9.758533e-02,	-8.939175e-02,	9.881313e-324,	
9.641322e-02,	-8.779608e-02,	9.881313e-324,	
9.634457e-02,	-8.714439e-02,	9.881313e-324,	
9.472432e-02,	-8.466298e-02,	9.881313e-324,	
9.632097e-02,	-8.425571e-02,	9.881313e-324,	
9.628998e-02,	-8.507147e-02,	9.881313e-324,	
9.257194e-02,	-8.411191e-02,	9.881313e-324,	
9.103544e-02,	-8.264008e-02,	9.881313e-324,	
8.902385e-02,	-8.245660e-02,	9.881313e-324,	
8.707084e-02,	-8.175272e-02,	9.881313e-324,	
8.324268e-02,	-8.123346e-02,	9.881313e-324,	
8.271216e-02,	-8.106004e-02,	9.881313e-324,	
8.299033e-02,	-8.182764e-02,	9.881313e-324,	
8.291320e-02,	-8.006184e-02,	9.881313e-324,	
8.343512e-02,	-7.781303e-02,	9.881313e-324,	
8.092745e-02,	-7.910451e-02,	9.881313e-324,	
8.261673e-02,	-8.290728e-02,	9.881313e-324,	
7.825566e-02,	-8.049255e-02,	9.881313e-324,	
7.455916e-02,	-8.158438e-02,	9.881313e-324,	
7.401599e-02,	-8.228701e-02,	9.881313e-324,	
6.435183e-02,	-7.977473e-02,	9.881313e-324,	
5.959276e-02,	-7.886790e-02,	9.881313e-324,	
5.504864e-02,	-7.257008e-02,	9.881313e-324,	
5.947110e-02,	-7.385818e-02,	9.881313e-324,	
6.039560e-02,	-7.304749e-02,	9.881313e-324,	
5.855165e-02,	-7.364760e-02,	9.881313e-324,	
5.901747e-02,	-7.417825e-02,	9.881313e-324,	
5.958430e-02,	-7.347556e-02,	9.881313e-324,	
6.060967e-02,	-7.140174e-02,	9.881313e-324,	
6.254188e-02,	-6.857888e-02,	9.881313e-324,	
6.283900e-02,	-6.276811e-02,	9.881313e-324,	
6.438925e-02,	-6.041307e-02,	9.881313e-324,	
6.700775e-02,	-5.742487e-02,	9.881313e-324,	
6.945169e-02,	-4.943394e-02,	9.881313e-324,	
7.066786e-02,	-4.571604e-02,	9.881313e-324,	
7.395022e-02,	-4.137614e-02,	9.881313e-324,	
7.939633e-02,	-3.326170e-02,	9.881313e-324,	
8.494502e-02,	-2.616410e-02,	9.881313e-324,	
1.012113e-01,	-1.605142e-02,	9.881313e-324,	
1.115905e-01,	-7.020200e-03,	9.881313e-324,	
1.157571e-01,	-7.261799e-03,	9.881313e-324,	
1.240455e-01,	-3.008431e-03,	9.881313e-324,	
1.320014e-01,	-3.736751e-04,	9.881313e-324,	
1.355409e-01,	-2.931152e-03,	9.881313e-324,	
1.409616e-01,	-3.268025e-03,	9.881313e-324,	
1.429386e-01,	-1.236150e-03,	9.881313e-324,	
1.456431e-01,	-3.934461e-04,	9.881313e-324,	
1.465775e-01,	1.569190e-05,	9.881313e-324,	
1.487389e-01,	1.896345e-03,	9.881313e-324,	
1.523714e-01,	1.017049e-02,	9.881313e-324,	
1.535619e-01,	1.498764e-02,	9.881313e-324,	
1.560484e-01,	2.504292e-02,	9.881313e-324,	
1.582030e-01,	3.407836e-02,	9.881313e-324,	
1.576886e-01,	3.641655e-02,	9.881313e-324,	
1.552042e-01,	4.922282e-02,	9.881313e-324,	
1.522364e-01,	5.512302e-02,	9.881313e-324,	
1.490709e-01,	6.035544e-02,	9.881313e-324,	
1.495650e-01,	6.395595e-02,	9.881313e-324,	
1.506993e-01,	7.128627e-02,	9.881313e-324,	
1.491978e-01,	6.965356e-02,	9.881313e-324,	
1.487971e-01,	7.397489e-02,	9.881313e-324,	
1.511733e-01,	7.890880e-02,	9.881313e-324,	
1.514639e-01,	7.928388e-02,	9.881313e-324,	
1.528609e-01,	8.145157e-02,	9.881313e-324,	
1.586405e-01,	8.266498e-02,	9.881313e-324,	
1.611238e-01,	8.437387e-02,	9.881313e-324,	
1.603728e-01,	8.668570e-02,	9.881313e-324,	
1.596142e-01,	8.916281e-02,	9.881313e-324,	
1.601490e-01,	8.936787e-02,	9.881313e-324,	
1.609804e-01,	9.119049e-02,	9.881313e-324,	
1.607379e-01,	8.937803e-02,	9.881313e-324,	
1.627869e-01,	8.634898e-02,	9.881313e-324,	
1.637635e-01,	8.499863e-02,	9.881313e-324,	
1.661597e-01,	8.385660e-02,	9.881313e-324,	
1.662323e-01,	8.355481e-02,	9.881313e-324,	
1.688018e-01,	8.207119e-02,	9.881313e-324,	
1.659371e-01,	7.996429e-02,	9.881313e-324,	
1.646946e-01,	8.057935e-02,	9.881313e-324,	
1.649866e-01,	8.044915e-02,	9.881313e-324,	
1.630625e-01,	7.999746e-02,	9.881313e-324,	
1.615856e-01,	8.110286e-02,	9.881313e-324,	
1.606380e-01,	8.198900e-02,	9.881313e-324,	
1.639475e-01,	7.974838e-02,	9.881313e-324,	
1.661368e-01,	8.026112e-02,	9.881313e-324,	
1.670597e-01,	8.159659e-02,	9.881313e-324,	
1.637540e-01,	8.540071e-02,	9.881313e-324,	
1.623700e-01,	8.560597e-02,	9.881313e-324,	
1.567177e-01,	8.820720e-02,	9.881313e-324,	
1.570596e-01,	8.932146e-02,	9.881313e-324,	
1.542985e-01,	9.334769e-02,	9.881313e-324,	
1.510796e-01,	9.404053e-02,	9.881313e-324,	
1.487387e-01,	8.890513e-02,	9.881313e-324,	
1.467229e-01,	8.759200e-02,	9.881313e-324,	
1.388011e-01,	8.843182e-02,	9.881313e-324,	
1.384133e-01,	8.120584e-02,	9.881313e-324,	
1.313031e-01,	7.953154e-02,	9.881313e-324,	
1.311222e-01,	7.797128e-02,	9.881313e-324,	
1.273367e-01,	7.854636e-02,	9.881313e-324,	
1.268371e-01,	7.830547e-02,	9.881313e-324,	
1.292424e-01,	7.608032e-02,	9.881313e-324,	
1.313833e-01,	7.547499e-02,	9.881313e-324,	
1.329239e-01,	7.245233e-02,	9.881313e-324,	
1.364922e-01,	6.738420e-02,	9.881313e-324,	
1.395855e-01,	6.213943e-02,	9.881313e-324,	
1.447674e-01,	5.736901e-02,	9.881313e-324,	
1.490498e-01,	5.219233e-02,	9.881313e-324,	
1.542878e-01,	4.310378e-02,	9.881313e-324,	
1.594226e-01,	3.273273e-02,	9.881313e-324,	
1.703680e-01,	2.469751e-02,	9.881313e-324,	
1.764219e-01,	2.011711e-02,	9.881313e-324,	
1.841410e-01,	1.285782e-02,	9.881313e-324,	
1.942793e-01,	5.326274e-03,	9.881313e-324,	
1.993391e-01,	4.528240e-03,	9.881313e-324,	
2.034601e-01,	2.925514e-03,	9.881313e-324,	
2.086167e-01,	-2.413184e-03,	9.881313e-324,	
2.130741e-01,	-7.217417e-03,	9.881313e-324,	
2.135184e-01,	-5.956760e-03,	9.881313e-324,	
2.149308e-01,	-1.157172e-02,	9.881313e-324,	
2.148555e-01,	-1.851407e-02,	9.881313e-324,	
2.149162e-01,	-2.123193e-02,	9.881313e-324,	
2.138548e-01,	-2.652564e-02,	9.881313e-324,	
2.135347e-01,	-3.307507e-02,	9.881313e-324,	
2.129695e-01,	-3.832327e-02,	9.881313e-324,	
2.131843e-01,	-4.318766e-02,	9.881313e-324,	
2.114079e-01,	-4.653048e-02,	9.881313e-324,	
2.131799e-01,	-5.453882e-02,	9.881313e-324,	
2.122455e-01,	-5.725408e-02,	9.881313e-324,	
2.129809e-01,	-6.179527e-02,	9.881313e-324,	
2.125482e-01,	-6.480592e-02,	9.881313e-324,	
2.132457e-01,	-6.570511e-02,	9.881313e-324,	
2.173840e-01,	-6.954177e-02,	9.881313e-324,	
2.183644e-01,	-7.273590e-02,	9.881313e-324,	
2.248152e-01,	-7.741740e-02,	9.881313e-324,	
2.296050e-01,	-8.129937e-02,	9.881313e-324,	
2.350822e-01,	-8.655097e-02,	9.881313e-324,	
2.396935e-01,	-9.036944e-02,	9.881313e-324,	
2.433389e-01,	-9.167567e-02,	9.881313e-324,	
2.451557e-01,	-9.211393e-02,	9.881313e-324,	
2.451966e-01,	-9.216327e-02,	9.881313e-324,	
2.456588e-01,	-9.268932e-02,	9.881313e-324,	
2.472352e-01,	-9.129046e-02,	9.881313e-324,	
2.491540e-01,	-9.123498e-02,	9.881313e-324,	
2.481626e-01,	-8.785367e-02,	9.881313e-324,	
2.477162e-01,	-8.546394e-02,	9.881313e-324,	
2.454983e-01,	-8.334080e-02,	9.881313e-324,	
2.446945e-01,	-8.322084e-02,	9.881313e-324,	
2.443259e-01,	-8.226688e-02,	9.881313e-324,	
2.421008e-01,	-8.210949e-02,	9.881313e-324,	
2.396050e-01,	-8.176258e-02,	9.881313e-324,	
2.372413e-01,	-8.164816e-02,	9.881313e-324,	
2.352506e-01,	-8.175697e-02,	9.881313e-324,	
2.280344e-01,	-8.059555e-02,	9.881313e-324,	
2.275471e-01,	-8.076099e-02,	9.881313e-324,	
2.238604e-01,	-7.894473e-02,	9.881313e-324,	
2.235176e-01,	-7.891444e-02,	9.881313e-324,	
2.274749e-01,	-8.079604e-02,	9.881313e-324,	
2.273313e-01,	-7.874658e-02,	9.881313e-324,	
2.252689e-01,	-7.967410e-02,	9.881313e-324,	
2.223212e-01,	-7.714005e-02,	9.881313e-324,	
2.203606e-01,	-7.596999e-02,	9.881313e-324,	
2.194710e-01,	-7.419809e-02,	9.881313e-324,	
2.188827e-01,	-7.435705e-02,	9.881313e-324,	
2.133969e-01,	-6.993448e-02,	9.881313e-324,	
1.996557e-01,	-6.319702e-02,	9.881313e-324,	
1.943759e-01,	-6.530852e-02,	9.881313e-324,	
1.952986e-01,	-6.006186e-02,	9.881313e-324,	
1.952573e-01,	-6.201934e-02,	9.881313e-324,	
1.945480e-01,	-6.382912e-02,	9.881313e-324,	
2.027711e-01,	-7.388503e-02,	9.881313e-324,	
2.060562e-01,	-7.695136e-02,	9.881313e-324,	
2.056042e-01,	-7.702058e-02,	9.881313e-324,	
2.084876e-01,	-7.421807e-02,	9.881313e-324,	
2.104109e-01,	-7.281493e-02,	9.881313e-324,	
2.135916e-01,	-6.985885e-02,	9.881313e-324,	
2.166329e-01,	-6.598314e-02,	9.881313e-324,	
2.210034e-01,	-6.453779e-02,	9.881313e-324,	
2.281635e-01,	-6.108123e-02,	9.881313e-324,	
2.336889e-01,	-5.595770e-02,	9.881313e-324,	
2.399773e-01,	-5.170261e-02,	9.881313e-324,	
2.455063e-01,	-5.158176e-02,	9.881313e-324,	
2.551820e-01,	-4.709929e-02,	9.881313e-324,	
2.636741e-01,	-4.248653e-02,	9.881313e-324,	
2.766722e-01,	-4.419311e-02,	9.881313e-324,	
2.831454e-01,	-3.560189e-02,	9.881313e-324,	
2.877351e-01,	-3.136721e-02,	9.881313e-324,	
2.936846e-01,	-1.278725e-02,	9.881313e-324,	
2.945768e-01,	-4.822519e-03,	9.881313e-324,	
2.934056e-01,	9.842941e-03,	9.881313e-324,	
2.856056e-01,	1.567589e-02,	9.881313e-324,	
2.883691e-01,	2.577029e-02,	9.881313e-324,	
2.873152e-01,	3.042362e-02,	9.881313e-324,	
2.847799e-01,	3.380163e-02,	9.881313e-324,	
2.837724e-01,	3.788652e-02,	9.881313e-324,	
2.842466e-01,	3.809661e-02,	9.881313e-324,	
2.803968e-01,	3.579994e-02,	9.881313e-324,	
2.795539e-01,	3.502156e-02,	9.881313e-324,	
2.757416e-01,	3.635494e-02,	9.881313e-324,	
2.752091e-01,	3.545563e-02,	9.881313e-324,	
2.758929e-01,	4.192101e-02,	9.881313e-324,	
2.755192e-01,	4.888847e-02,	9.881313e-324,	
2.742458e-01,	5.903589e-02,	9.881313e-324,	
2.733490e-01,	6.374860e-02,	9.881313e-324,	
2.785729e-01,	7.106923e-02,	9.881313e-324,	
2.841550e-01,	7.761823e-02,	9.881313e-324,	
2.927023e-01,	8.464998e-02,	9.881313e-324,	
3.000463e-01,	8.719689e-02,	9.881313e-324,	
3.060711e-01,	8.962293e-02,	9.881313e-324,	
3.097816e-01,	9.167576e-02,	9.881313e-324,	
3.113645e-01,	9.332895e-02,	9.881313e-324,	
3.140383e-01,	9.481393e-02,	9.881313e-324,	
3.167659e-01,	9.634937e-02,	9.881313e-324,	
3.175071e-01,	9.552611e-02,	9.881313e-324,	
3.165080e-01,	9.114489e-02,	9.881313e-324,	
3.167939e-01,	8.653222e-02,	9.881313e-324,	
3.185490e-01,	8.611690e-02,	9.881313e-324,	
3.183516e-01,	8.512436e-02,	9.881313e-324,	
3.220459e-01,	8.181038e-02,	9.881313e-324,	
3.230869e-01,	8.085567e-02,	9.881313e-324,	
3.232640e-01,	8.022500e-02,	9.881313e-324,	
3.207639e-01,	7.999925e-02,	9.881313e-324,	
3.157314e-01,	8.020669e-02,	9.881313e-324,	
3.142658e-01,	7.879764e-02,	9.881313e-324,	
3.141360e-01,	7.893267e-02,	9.881313e-324,	
3.113864e-01,	7.994046e-02,	9.881313e-324,	
3.129715e-01,	7.573462e-02,	9.881313e-324,	
3.156275e-01,	7.647005e-02,	9.881313e-324,	
3.114178e-01,	7.805648e-02,	9.881313e-324,	
3.046072e-01,	7.795095e-02,	9.881313e-324,	
3.012120e-01,	7.749423e-02,	9.881313e-324,	
2.988315e-01,	7.643627e-02,	9.881313e-324,	
3.067931e-01,	7.205962e-02,	9.881313e-324,	
3.000455e-01,	7.412973e-02,	9.881313e-324,	
2.920401e-01,	7.215184e-02,	9.881313e-324,	
2.918023e-01,	7.066105e-02,	9.881313e-324,	
2.845236e-01,	7.484224e-02,	9.881313e-324,	
2.850676e-01,	7.307915e-02,	9.881313e-324,	
2.820937e-01,	8.051678e-02,	9.881313e-324,	
2.841504e-01,	8.516668e-02,	9.881313e-324,	
2.891231e-01,	8.846966e-02,	9.881313e-324,	
2.938217e-01,	8.548827e-02,	9.881313e-324,	
2.911617e-01,	8.371981e-02,	9.881313e-324,	
2.928597e-01,	8.190568e-02,	9.881313e-324,	
2.954416e-01,	7.904819e-02,	9.881313e-324,	
2.973131e-01,	7.567275e-02,	9.881313e-324,	
3.007491e-01,	7.117576e-02,	9.881313e-324,	
3.060686e-01,	6.939290e-02,	9.881313e-324,	
3.092327e-01,	6.483586e-02,	9.881313e-324,	
3.149549e-01,	5.866188e-02,	9.881313e-324,	
3.207876e-01,	5.407740e-02,	9.881313e-324,	
3.256189e-01,	4.988083e-02,	9.881313e-324,	
3.316950e-01,	4.307580e-02,	9.881313e-324,	
3.361791e-01,	3.701776e-02,	9.881313e-324,	
3.409413e-01,	2.997520e-02,	9.881313e-324,	
3.412514e-01,	2.808771e-02,	9.881313e-324,	
3.467811e-01,	1.440904e-02,	9.881313e-324,	
3.475763e-01,	6.646258e-03,	9.881313e-324,	
3.472106e-01,	-4.801063e-03,	9.881313e-324,	
3.446109e-01,	-1.434650e-02,	9.881313e-324,	
3.422339e-01,	-1.919772e-02,	9.881313e-324,	
3.394330e-01,	-2.287615e-02,	9.881313e-324,	
3.371602e-01,	-2.594204e-02,	9.881313e-324,	
3.350164e-01,	-2.847484e-02,	9.881313e-324,	
3.327597e-01,	-2.917989e-02,	9.881313e-324,	
3.333314e-01,	-3.191817e-02,	9.881313e-324,	
3.323060e-01,	-3.181043e-02,	9.881313e-324,	
3.305866e-01,	-3.206197e-02,	9.881313e-324,	
3.320769e-01,	-3.382434e-02,	9.881313e-324,	
3.354840e-01,	-3.909434e-02,	9.881313e-324,	
3.375200e-01,	-4.275428e-02,	9.881313e-324,	
3.438927e-01,	-4.858370e-02,	9.881313e-324,	
3.492746e-01,	-5.264424e-02,	9.881313e-324,	
3.546442e-01,	-5.926437e-02,	9.881313e-324,	
3.591890e-01,	-6.675048e-02,	9.881313e-324,	
3.685535e-01,	-7.469365e-02,	9.881313e-324,	
3.784420e-01,	-7.785454e-02,	9.881313e-324,	
3.839258e-01,	-8.133953e-02,	9.881313e-324,	
3.902834e-01,	-8.626196e-02,	9.881313e-324,	
3.977183e-01,	-9.077321e-02,	9.881313e-324,	
4.013212e-01,	-9.231663e-02,	9.881313e-324,	
3.991955e-01,	-9.512484e-02,	9.881313e-324,	
3.988990e-01,	-9.501220e-02,	9.881313e-324,	
4.001239e-01,	-9.242556e-02,	9.881313e-324,	
4.011744e-01,	-9.233883e-02,	9.881313e-324,	
4.002286e-01,	-9.139226e-02,	9.881313e-324,	
3.969872e-01,	-8.870616e-02,	9.881313e-324,	
3.950781e-01,	-8.614417e-02,	9.881313e-324,	
3.942858e-01,	-8.442366e-02,	9.881313e-324,	
3.925377e-01,	-8.158011e-02,	9.881313e-324,	
3.908206e-01,	-8.035880e-02,	9.881313e-324,	
3.869763e-01,	-8.098792e-02,	9.881313e-324,	
3.823997e-01,	-8.108389e-02,	9.881313e-324,	
3.789237e-01,	-8.047046e-02,	9.881313e-324,	
3.766494e-01,	-8.075571e-02,	9.881313e-324,	
3.712589e-01,	-8.029056e-02,	9.881313e-324,	
3.663801e-01,	-7.898659e-02,	9.881313e-324,	
3.631608e-01,	-7.817573e-02,	9.881313e-324,	
3.619615e-01,	-7.839705e-02,	9.881313e-324,	
3.629989e-01,	-7.836891e-02,	9.881313e-324,	
3.629049e-01,	-7.710480e-02,	9.881313e-324,	
3.618438e-01,	-7.627693e-02,	9.881313e-324,	
3.611635e-01,	-7.555978e-02,	9.881313e-324,	
3.355175e-01,	-7.057095e-02,	9.881313e-324,	
3.364127e-01,	-7.087879e-02,	9.881313e-324,	
3.367797e-01,	-6.654747e-02,	9.881313e-324,	
3.350659e-01,	-6.512869e-02,	9.881313e-324,	
3.387501e-01,	-6.266187e-02,	9.881313e-324,	
3.367300e-01,	-6.271642e-02,	9.881313e-324,	
3.387412e-01,	-6.163240e-02,	9.881313e-324,	
3.380953e-01,	-6.253721e-02,	9.881313e-324,	
3.391624e-01,	-6.031630e-02,	9.881313e-324,	
3.374110e-01,	-7.400341e-02,	9.881313e-324,	
3.423902e-01,	-7.813868e-02,	9.881313e-324,	
3.473949e-01,	-7.636187e-02,	9.881313e-324,	
3.536816e-01,	-7.323169e-02,	9.881313e-324,	
3.571813e-01,	-7.022675e-02,	9.881313e-324,	
3.588757e-01,	-7.030657e-02,	9.881313e-324,	
3.690089e-01,	-6.515668e-02,	9.881313e-324,	
3.767689e-01,	-6.190293e-02,	9.881313e-324,	
3.809999e-01,	-5.924542e-02,	9.881313e-324,	
3.828714e-01,	-5.791403e-02,	9.881313e-324,	
3.977690e-01,	-5.234988e-02,	9.881313e-324,	
4.028236e-01,	-5.029285e-02,	9.881313e-324,	
4.123214e-01,	-4.701163e-02,	9.881313e-324,	
4.192693e-01,	-4.401993e-02,	9.881313e-324,	
4.262587e-01,	-4.109440e-02,	9.881313e-324,	
4.310934e-01,	-4.035271e-02,	9.881313e-324,	
4.380700e-01,	-3.256253e-02,	9.881313e-324,	
4.387637e-01,	-2.942982e-02,	9.881313e-324,	
4.471358e-01,	-2.448051e-02,	9.881313e-324,	
4.520711e-01,	-1.884555e-02,	9.881313e-324,	
4.536947e-01,	-1.897326e-02,	9.881313e-324,	
4.567867e-01,	1.020017e-02,	9.881313e-324,	
4.439824e-01,	2.169210e-02,	9.881313e-324,	
4.381791e-01,	3.705509e-02,	9.881313e-324,	
4.385572e-01,	4.296516e-02,	9.881313e-324,	
4.287509e-01,	4.922391e-02,	9.881313e-324,	
4.254871e-01,	5.439100e-02,	9.881313e-324,	
4.215945e-01,	5.641473e-02,	9.881313e-324,	
4.217345e-01,	6.200160e-02,	9.881313e-324,	
4.218921e-01,	6.575856e-02,	9.881313e-324,	
4.209495e-01,	6.744678e-02,	9.881313e-324,	
4.141539e-01,	6.735360e-02,	9.881313e-324,	
4.151306e-01,	7.009441e-02,	9.881313e-324,	
4.140618e-01,	6.848649e-02,	9.881313e-324,	
4.119515e-01,	6.666904e-02,	9.881313e-324,	
4.111695e-01,	6.864890e-02,	9.881313e-324,	
4.156982e-01,	7.514163e-02,	9.881313e-324,	
4.180308e-01,	7.959959e-02,	9.881313e-324,	
4.218204e-01,	8.436728e-02,	9.881313e-324,	
4.246699e-01,	8.817463e-02,	9.881313e-324,	
4.342120e-01,	9.722215e-02,	9.881313e-324,	
4.380316e-01,	9.650691e-02,	9.881313e-324,	
4.457317e-01,	9.788583e-02,	9.881313e-324,	
4.497404e-01,	9.976128e-02,	9.881313e-324,	
4.524670e-01,	9.864872e-02,	9.881313e-324,	
4.565362e-01,	8.995543e-02,	9.881313e-324,	
4.606201e-01,	8.718796e-02,	9.881313e-324,	
4.611472e-01,	8.568774e-02,	9.881313e-324,	
4.619107e-01,	8.455003e-02,	9.881313e-324,	
4.639749e-01,	8.332338e-02,	9.881313e-324,	
4.660667e-01,	8.011047e-02,	9.881313e-324,	
4.650532e-01,	8.119041e-02,	9.881313e-324,	
4.662021e-01,	7.986886e-02,	9.881313e-324,	
4.671808e-01,	7.842876e-02,	9.881313e-324,	
4.656203e-01,	7.851369e-02,	9.881313e-324,	
4.647550e-01,	7.875412e-02,	9.881313e-324,	
4.636135e-01,	7.819514e-02,	9.881313e-324,	
4.621632e-01,	7.768138e-02,	9.881313e-324,	
4.605793e-01,	7.714290e-02,	9.881313e-324,	
4.595794e-01,	7.616591e-02,	9.881313e-324,	
4.586130e-01,	7.517390e-02,	9.881313e-324,	
4.695347e-01,	6.513739e-02,	9.881313e-324,	
4.610648e-01,	7.364773e-02,	9.881313e-324,	
4.508456e-01,	7.151002e-02,	9.881313e-324,	
4.523112e-01,	7.088898e-02,	9.881313e-324,	
4.411284e-01,	7.467664e-02,	9.881313e-324,	
4.289194e-01,	7.537523e-02,	9.881313e-324,	
4.250182e-01,	8.100807e-02,	9.881313e-324,	
4.211128e-01,	8.297879e-02,	9.881313e-324,	
4.157884e-01,	8.880436e-02,	9.881313e-324,	
4.129019e-01,	8.988631e-02,	9.881313e-324,	
4.103407e-01,	8.888754e-02,	9.881313e-324,	
4.117748e-01,	8.660445e-02,	9.881313e-324,	
4.117564e-01,	8.383199e-02,	9.881313e-324,	
4.139776e-01,	8.131981e-02,	9.881313e-324,	
4.166364e-01,	7.816415e-02,	9.881313e-324,	
4.186160e-01,	7.471856e-02,	9.881313e-324,	
4.222812e-01,	7.046988e-02,	9.881313e-324,	
4.228095e-01,	6.885980e-02,	9.881313e-324,	
4.245816e-01,	6.467343e-02,	9.881313e-324,	
4.267530e-01,	5.978288e-02,	9.881313e-324,	
4.291639e-01,	5.706552e-02,	9.881313e-324,	
4.306505e-01,	5.208782e-02,	9.881313e-324,	
4.331506e-01,	4.739588e-02,	9.881313e-324,	
4.350635e-01,	4.430099e-02,	9.881313e-324,	
4.361282e-01,	3.919567e-02,	9.881313e-324,	
4.429489e-01,	2.986236e-02,	9.881313e-324,	
4.347100e-01,	1.800993e-02,	9.881313e-324,	
4.409878e-01,	7.539184e-03,	9.881313e-324,	
4.456120e-01,	-2.265725e-03,	9.881313e-324,	
4.460759e-01,	-7.384116e-03,	9.881313e-324,	
4.508473e-01,	-1.417992e-02,	9.881313e-324,	
4.557889e-01,	-2.070212e-02,	9.881313e-324,	
4.656865e-01,	-3.006466e-02,	9.881313e-324,	
4.761251e-01,	-3.234488e-02,	9.881313e-324,	
4.813719e-01,	-3.849573e-02,	9.881313e-324,	
4.882158e-01,	-4.444138e-02,	9.881313e-324,	
4.900659e-01,	-4.486182e-02,	9.881313e-324,	
4.931825e-01,	-4.798249e-02,	9.881313e-324,	
4.953134e-01,	-4.301184e-02,	9.881313e-324,	
5.061395e-01,	-3.649751e-02,	9.881313e-324,	
5.142368e-01,	-3.529061e-02,	9.881313e-324,	
5.161196e-01,	-3.551236e-02,	9.881313e-324,	
5.228748e-01,	-3.387035e-02,	9.881313e-324,	
5.297905e-01,	-3.740954e-02,	9.881313e-324,	
5.374111e-01,	-4.501109e-02,	9.881313e-324,	
5.462495e-01,	-5.975666e-02,	9.881313e-324,	
5.511716e-01,	-7.050761e-02,	9.881313e-324,	
5.519195e-01,	-7.908086e-02,	9.881313e-324,	
5.528118e-01,	-8.653347e-02,	9.881313e-324,	
5.520692e-01,	-8.840539e-02,	9.881313e-324,	
5.530181e-01,	-9.177396e-02,	9.881313e-324,	
5.503422e-01,	-9.736104e-02,	9.881313e-324,	
5.472946e-01,	-9.945596e-02,	9.881313e-324,	
5.448189e-01,	-1.007951e-01,	9.881313e-324,	
5.416570e-01,	-1.005873e-01,	9.881313e-324,	
5.383498e-01,	-1.003392e-01,	9.881313e-324,	
5.332473e-01,	-9.807846e-02,	9.881313e-324,	
5.288727e-01,	-9.548958e-02,	9.881313e-324,	
5.258017e-01,	-9.378862e-02,	9.881313e-324,	
5.216467e-01,	-9.063166e-02,	9.881313e-324,	
5.180637e-01,	-8.640497e-02,	9.881313e-324,	
5.138947e-01,	-8.293764e-02,	9.881313e-324,	
5.111760e-01,	-8.182234e-02,	9.881313e-324,	
5.082464e-01,	-7.971758e-02,	9.881313e-324,	
5.023424e-01,	-7.812691e-02,	9.881313e-324,	
4.953748e-01,	-7.729357e-02,	9.881313e-324,	
4.896005e-01,	-7.596855e-02,	9.881313e-324,	
4.858421e-01,	-7.623884e-02,	9.881313e-324,	
4.842240e-01,	-7.527071e-02,	9.881313e-324,	
4.868464e-01,	-7.446208e-02,	9.881313e-324,	
4.910960e-01,	-7.440222e-02,	9.881313e-324,	
4.931110e-01,	-7.465984e-02,	9.881313e-324,	
4.916080e-01,	-7.344331e-02,	9.881313e-324,	
4.926494e-01,	-7.254929e-02,	9.881313e-324,	
4.911246e-01,	-7.119678e-02,	9.881313e-324,	
4.838395e-01,	-6.601065e-02,	9.881313e-324,	
4.794046e-01,	-6.402904e-02,	9.881313e-324,	
4.841057e-01,	-6.193495e-02,	9.881313e-324,	
4.817616e-01,	-6.134486e-02,	9.881313e-324,	
4.818140e-01,	-5.861282e-02,	9.881313e-324,	
4.855738e-01,	-5.699049e-02,	9.881313e-324,	
4.838534e-01,	-5.617895e-02,	9.881313e-324,	
4.833365e-01,	-5.983334e-02,	9.881313e-324,	
4.839499e-01,	-6.942348e-02,	9.881313e-324,	
4.861450e-01,	-6.970961e-02,	9.881313e-324,	
4.926052e-01,	-6.846534e-02,	9.881313e-324,	
4.946734e-01,	-6.747995e-02,	9.881313e-324,	
4.992816e-01,	-6.469324e-02,	9.881313e-324,	
5.027865e-01,	-6.091917e-02,	9.881313e-324,	
5.081012e-01,	-5.767071e-02,	9.881313e-324,	
5.129499e-01,	-5.526877e-02,	9.881313e-324,	
5.200621e-01,	-5.076209e-02,	9.881313e-324,	
5.279533e-01,	-4.705048e-02,	9.881313e-324,	
5.376671e-01,	-4.522183e-02,	9.881313e-324,	
5.497073e-01,	-4.331600e-02,	9.881313e-324,	
5.600614e-01,	-3.710002e-02,	9.881313e-324,	
5.690295e-01,	-2.096441e-02,	9.881313e-324,	
5.705707e-01,	-9.426435e-03,	9.881313e-324,	
5.757062e-01,	-3.037722e-03,	9.881313e-324,	
5.779972e-01,	5.677024e-03,	9.881313e-324,	
5.790493e-01,	1.200984e-02,	9.881313e-324,	
5.792453e-01,	1.877758e-02,	9.881313e-324,	
5.788188e-01,	2.011932e-02,	9.881313e-324,	
5.793679e-01,	2.216223e-02,	9.881313e-324,	
5.796325e-01,	2.208998e-02,	9.881313e-324,	
5.806730e-01,	2.270718e-02,	9.881313e-324,	
5.776444e-01,	2.850038e-02,	9.881313e-324,	
5.726427e-01,	3.174419e-02,	9.881313e-324,	
5.668801e-01,	3.357349e-02,	9.881313e-324,	
5.680696e-01,	3.916776e-02,	9.881313e-324,	
5.676870e-01,	4.279529e-02,	9.881313e-324,	
5.674500e-01,	5.191182e-02,	9.881313e-324,	
5.681771e-01,	5.969123e-02,	9.881313e-324,	
5.700603e-01,	6.674693e-02,	9.881313e-324,	
5.703002e-01,	7.050155e-02,	9.881313e-324,	
5.697848e-01,	7.381952e-02,	9.881313e-324,	
5.730579e-01,	7.783576e-02,	9.881313e-324,	
5.776132e-01,	8.168401e-02,	9.881313e-324,	
5.805061e-01,	8.505885e-02,	9.881313e-324,	
5.841464e-01,	8.964463e-02,	9.881313e-324,	
5.894835e-01,	9.257152e-02,	9.881313e-324,	
5.904417e-01,	9.485626e-02,	9.881313e-324,	
5.926976e-01,	9.572564e-02,	9.881313e-324,	
5.925385e-01,	9.468976e-02,	9.881313e-324,	
5.929323e-01,	9.262870e-02,	9.881313e-324,	
5.948016e-01,	8.790055e-02,	9.881313e-324,	
5.969022e-01,	8.583550e-02,	9.881313e-324,	
5.973885e-01,	8.346742e-02,	9.881313e-324,	
5.995031e-01,	8.305531e-02,	9.881313e-324,	
6.015564e-01,	8.289357e-02,	9.881313e-324,	
6.020787e-01,	8.155036e-02,	9.881313e-324,	
6.016084e-01,	8.067894e-02,	9.881313e-324,	
5.986136e-01,	7.964248e-02,	9.881313e-324,	
5.958515e-01,	7.898619e-02,	9.881313e-324,	
5.942383e-01,	8.019283e-02,	9.881313e-324,	
5.897578e-01,	8.131098e-02,	9.881313e-324,	
5.892035e-01,	7.933831e-02,	9.881313e-324,	
5.913869e-01,	7.822925e-02,	9.881313e-324,	
5.943001e-01,	7.815139e-02,	9.881313e-324,	
5.940682e-01,	7.957724e-02,	9.881313e-324,	
5.911711e-01,	7.812454e-02,	9.881313e-324,	
5.878426e-01,	7.771995e-02,	9.881313e-324,	
5.848884e-01,	7.596819e-02,	9.881313e-324,	
5.820133e-01,	7.899312e-02,	9.881313e-324,	
5.846884e-01,	7.327265e-02,	9.881313e-324,	
5.708323e-01,	7.976632e-02,	9.881313e-324,	
5.721374e-01,	8.195772e-02,	9.881313e-324,	
5.681128e-01,	8.180687e-02,	9.881313e-324,	
5.600608e-01,	8.013184e-02,	9.881313e-324,	
5.572973e-01,	8.133765e-02,	9.881313e-324,	
5.577922e-01,	8.548507e-02,	9.881313e-324,	
5.652562e-01,	8.871377e-02,	9.881313e-324,	
5.707145e-01,	8.817424e-02,	9.881313e-324,	
5.736339e-01,	8.469787e-02,	9.881313e-324,	
5.789950e-01,	8.075723e-02,	9.881313e-324,	
5.839249e-01,	7.628949e-02,	9.881313e-324,	
5.871159e-01,	7.435016e-02,	9.881313e-324,	
5.978770e-01,	6.905030e-02,	9.881313e-324,	
6.086418e-01,	6.167064e-02,	9.881313e-324,	
6.130575e-01,	5.889380e-02,	9.881313e-324,	
6.192933e-01,	5.252739e-02,	9.881313e-324,	
6.270114e-01,	4.755092e-02,	9.881313e-324,	
6.294753e-01,	4.421972e-02,	9.881313e-324,	
6.323542e-01,	4.065191e-02,	9.881313e-324,	
6.346638e-01,	3.508139e-02,	9.881313e-324,	
6.375097e-01,	2.744177e-02,	9.881313e-324,	
6.382301e-01,	2.005169e-02,	9.881313e-324,	
6.371759e-01,	1.398729e-02,	9.881313e-324,	
6.346881e-01,	1.218782e-02,	9.881313e-324,	
6.343745e-01,	6.618293e-03,	9.881313e-324,	
6.338348e-01,	-3.808586e-03,	9.881313e-324,	
6.296880e-01,	-6.630741e-03,	9.881313e-324,	
6.272198e-01,	-1.197093e-02,	9.881313e-324,	
6.254341e-01,	-1.994036e-02,	9.881313e-324,	
6.236416e-01,	-2.525368e-02,	9.881313e-324,	
6.242133e-01,	-3.080347e-02,	9.881313e-324,	
6.202150e-01,	-3.461137e-02,	9.881313e-324,	
6.182670e-01,	-3.867531e-02,	9.881313e-324,	
6.183139e-01,	-4.127980e-02,	9.881313e-324,	
6.182775e-01,	-4.277010e-02,	9.881313e-324,	
6.203763e-01,	-5.078404e-02,	9.881313e-324,	
6.225476e-01,	-5.521059e-02,	9.881313e-324,	
6.247038e-01,	-5.862428e-02,	9.881313e-324,	
6.282067e-01,	-6.104464e-02,	9.881313e-324,	
6.332752e-01,	-6.825316e-02,	9.881313e-324,	
6.399322e-01,	-7.160037e-02,	9.881313e-324,	
6.447831e-01,	-7.445557e-02,	9.881313e-324,	
6.508036e-01,	-7.818468e-02,	9.881313e-324,	
6.598354e-01,	-8.355885e-02,	9.881313e-324,	
6.689483e-01,	-8.651322e-02,	9.881313e-324,	
6.770569e-01,	-8.995082e-02,	9.881313e-324,	
6.823906e-01,	-9.036645e-02,	9.881313e-324,	
6.847409e-01,	-8.938874e-02,	9.881313e-324,	
6.862459e-01,	-8.713213e-02,	9.881313e-324,	
6.896109e-01,	-8.790415e-02,	9.881313e-324,	
6.918102e-01,	-8.771549e-02,	9.881313e-324,	
6.927226e-01,	-8.540304e-02,	9.881313e-324,	
6.918415e-01,	-8.236703e-02,	9.881313e-324,	
6.920444e-01,	-8.380769e-02,	9.881313e-324,	
6.893661e-01,	-8.453410e-02,	9.881313e-324,	
6.863236e-01,	-8.394656e-02,	9.881313e-324,	
6.852668e-01,	-8.514420e-02,	9.881313e-324,	
6.811967e-01,	-8.461870e-02,	9.881313e-324,	
6.756410e-01,	-8.348759e-02,	9.881313e-324,	
6.704790e-01,	-8.286806e-02,	9.881313e-324,	
6.656030e-01,	-8.252695e-02,	9.881313e-324,	
6.604447e-01,	-8.059980e-02,	9.881313e-324,	
6.536230e-01,	-7.895941e-02,	9.881313e-324,	
6.508162e-01,	-7.868291e-02,	9.881313e-324,	
6.500929e-01,	-7.878398e-02,	9.881313e-324,	
6.498838e-01,	-7.762437e-02,	9.881313e-324,	
6.488445e-01,	-7.632218e-02,	9.881313e-324,	
6.472617e-01,	-7.546746e-02,	9.881313e-324,	
6.441985e-01,	-7.415657e-02,	9.881313e-324,	
6.403996e-01,	-7.329618e-02,	9.881313e-324,	
6.361592e-01,	-6.978827e-02,	9.881313e-324,	
6.276462e-01,	-6.372589e-02,	9.881313e-324,	
6.247807e-01,	-6.462256e-02,	9.881313e-324,	
6.253511e-01,	-6.007755e-02,	9.881313e-324,	
6.256903e-01,	-5.907157e-02,	9.881313e-324,	
6.275304e-01,	-5.849564e-02,	9.881313e-324,	
6.295556e-01,	-5.707058e-02,	9.881313e-324,	
6.272483e-01,	-5.733157e-02,	9.881313e-324,	
6.286212e-01,	-5.975498e-02,	9.881313e-324,	
6.284788e-01,	-6.633860e-02,	9.881313e-324,	
6.302274e-01,	-6.595128e-02,	9.881313e-324,	
6.350987e-01,	-6.427503e-02,	9.881313e-324,	
6.343963e-01,	-6.327887e-02,	9.881313e-324,	
6.393855e-01,	-6.092429e-02,	9.881313e-324,	
6.431574e-01,	-5.601244e-02,	9.881313e-324,	
6.444418e-01,	-5.472486e-02,	9.881313e-324,	
6.486547e-01,	-5.040794e-02,	9.881313e-324,	
6.514783e-01,	-4.883247e-02,	9.881313e-324,	
6.557174e-01,	-4.614334e-02,	9.881313e-324,	
6.650254e-01,	-4.201267e-02,	9.881313e-324,	
6.740875e-01,	-3.678572e-02,	9.881313e-324,	
6.824036e-01,	-3.347189e-02,	9.881313e-324,	
6.846218e-01,	-2.818954e-02,	9.881313e-324,	
7.004079e-01,	-8.526122e-03,	9.881313e-324,	
7.109030e-01,	3.185527e-03,	9.881313e-324,	
7.143469e-01,	8.854069e-03,	9.881313e-324,	
7.158302e-01,	1.741047e-02,	9.881313e-324,	
7.194099e-01,	2.312113e-02,	9.881313e-324,	
7.259103e-01,	2.671641e-02,	9.881313e-324,	
7.285074e-01,	2.558323e-02,	9.881313e-324,	
7.327901e-01,	2.724928e-02,	9.881313e-324,	
7.368056e-01,	2.820820e-02,	9.881313e-324,	
7.391319e-01,	2.602635e-02,	9.881313e-324,	
7.413715e-01,	2.364765e-02,	9.881313e-324,	
7.409289e-01,	2.605118e-02,	9.881313e-324,	
7.368056e-01,	2.774822e-02,	9.881313e-324,	
7.328350e-01,	3.313257e-02,	9.881313e-324,	
7.332474e-01,	4.074962e-02,	9.881313e-324,	
7.333678e-01,	4.911137e-02,	9.881313e-324,	
7.293825e-01,	5.672903e-02,	9.881313e-324,	
7.283427e-01,	6.364932e-02,	9.881313e-324,	
7.289704e-01,	7.213187e-02,	9.881313e-324,	
7.287860e-01,	8.006644e-02,	9.881313e-324,	
7.286997e-01,	8.504942e-02,	9.881313e-324,	
7.288620e-01,	8.824019e-02,	9.881313e-324,	
7.295123e-01,	9.146772e-02,	9.881313e-324,	
7.297240e-01,	9.280737e-02,	9.881313e-324,	
7.297019e-01,	9.563544e-02,	9.881313e-324,	
7.297215e-01,	9.862432e-02,	9.881313e-324,	
7.301338e-01,	9.976439e-02,	9.881313e-324,	
7.313767e-01,	1.013851e-01,	9.881313e-324,	
7.318603e-01,	9.908243e-02,	9.881313e-324,	
7.306860e-01,	9.141816e-02,	9.881313e-324,	
7.309025e-01,	8.868271e-02,	9.881313e-324,	
7.316110e-01,	8.636452e-02,	9.881313e-324,	
7.303610e-01,	8.400967e-02,	9.881313e-324,	
7.295706e-01,	8.521909e-02,	9.881313e-324,	
7.273365e-01,	8.506190e-02,	9.881313e-324,	
7.273904e-01,	8.486291e-02,	9.881313e-324,	
7.275240e-01,	8.435084e-02,	9.881313e-324,	
7.278277e-01,	8.348062e-02,	9.881313e-324,	
7.261990e-01,	8.328048e-02,	9.881313e-324,	
7.276221e-01,	8.298139e-02,	9.881313e-324,	
7.292374e-01,	8.099324e-02,	9.881313e-324,	
7.342999e-01,	7.996267e-02,	9.881313e-324,	
7.343652e-01,	8.069764e-02,	9.881313e-324,	
7.340132e-01,	7.936422e-02,	9.881313e-324,	
7.301860e-01,	7.888899e-02,	9.881313e-324,	
7.288807e-01,	7.757444e-02,	9.881313e-324,	
7.282139e-01,	7.784053e-02,	9.881313e-324,	
7.326754e-01,	7.589283e-02,	9.881313e-324,	
7.297610e-01,	7.273671e-02,	9.881313e-324,	
7.202597e-01,	7.256920e-02,	9.881313e-324,	
7.245878e-01,	6.968346e-02,	9.881313e-324,	
7.151409e-01,	7.332532e-02,	9.881313e-324,	
7.126917e-01,	7.294300e-02,	9.881313e-324,	
7.108636e-01,	8.051778e-02,	9.881313e-324,	
7.138691e-01,	8.299145e-02,	9.881313e-324,	
7.145081e-01,	8.395165e-02,	9.881313e-324,	
7.116463e-01,	8.229836e-02,	9.881313e-324,	
7.110957e-01,	8.128890e-02,	9.881313e-324,	
7.123249e-01,	7.762513e-02,	9.881313e-324,	
7.151597e-01,	7.301594e-02,	9.881313e-324,	
7.155611e-01,	7.154928e-02,	9.881313e-324,	
7.192688e-01,	6.659109e-02,	9.881313e-324,	
7.208305e-01,	6.283705e-02,	9.881313e-324,	
7.223567e-01,	5.977082e-02,	9.881313e-324,	
7.251784e-01,	5.572891e-02,	9.881313e-324,	
7.261463e-01,	5.288087e-02,	9.881313e-324,	
7.309727e-01,	4.619632e-02,	9.881313e-324,	
7.359376e-01,	3.923033e-02,	9.881313e-324,	
7.312648e-01,	2.700445e-02,	9.881313e-324,	
7.320574e-01,	1.943013e-02,	9.881313e-324,	
7.358077e-01,	4.269423e-03,	9.881313e-324,	
7.431053e-01,	-9.939638e-03,	9.881313e-324,	
7.484177e-01,	-1.318027e-02,	9.881313e-324,	
7.563973e-01,	-1.854019e-02,	9.881313e-324,	
7.637905e-01,	-2.468506e-02,	9.881313e-324,	
7.687262e-01,	-2.855481e-02,	9.881313e-324,	
7.734650e-01,	-3.260427e-02,	9.881313e-324,	
7.821564e-01,	-3.589894e-02,	9.881313e-324,	
7.884839e-01,	-2.655315e-02,	9.881313e-324,	
7.939879e-01,	-2.564041e-02,	9.881313e-324,	
7.967145e-01,	-2.568764e-02,	9.881313e-324,	
7.987109e-01,	-2.630069e-02,	9.881313e-324,	
8.021122e-01,	-2.964019e-02,	9.881313e-324,	
8.059956e-01,	-3.403237e-02,	9.881313e-324,	
8.076764e-01,	-3.878748e-02,	9.881313e-324,	
8.095891e-01,	-4.535817e-02,	9.881313e-324,	
8.127655e-01,	-5.367538e-02,	9.881313e-324,	
8.146557e-01,	-6.274453e-02,	9.881313e-324,	
8.135028e-01,	-6.982132e-02,	9.881313e-324,	
8.135773e-01,	-7.547005e-02,	9.881313e-324,	
8.146139e-01,	-7.927850e-02,	9.881313e-324,	
8.157804e-01,	-8.499096e-02,	9.881313e-324,	
8.164852e-01,	-8.829467e-02,	9.881313e-324,	
8.160880e-01,	-9.068316e-02,	9.881313e-324,	
8.158213e-01,	-9.161484e-02,	9.881313e-324,	
8.150043e-01,	-9.154783e-02,	9.881313e-324,	
8.138760e-01,	-9.193129e-02,	9.881313e-324,	
8.139333e-01,	-9.102916e-02,	9.881313e-324,	
8.123156e-01,	-9.137697e-02,	9.881313e-324,	
8.094127e-01,	-9.057207e-02,	9.881313e-324,	
8.080370e-01,	-8.647411e-02,	9.881313e-324,	
8.066965e-01,	-8.340417e-02,	9.881313e-324,	
8.055231e-01,	-8.095664e-02,	9.881313e-324,	
8.026823e-01,	-7.980645e-02,	9.881313e-324,	
7.986138e-01,	-7.879174e-02,	9.881313e-324,	
7.941935e-01,	-7.872222e-02,	9.881313e-324,	
7.911174e-01,	-7.813005e-02,	9.881313e-324,	
7.894684e-01,	-7.809373e-02,	9.881313e-324,	
7.871035e-01,	-7.800722e-02,	9.881313e-324,	
7.841228e-01,	-7.719298e-02,	9.881313e-324,	
7.833754e-01,	-7.735050e-02,	9.881313e-324,	
7.849727e-01,	-7.813338e-02,	9.881313e-324,	
7.905825e-01,	-7.779908e-02,	9.881313e-324,	
7.935488e-01,	-7.651809e-02,	9.881313e-324,	
7.964106e-01,	-7.810720e-02,	9.881313e-324,	
7.947018e-01,	-7.701431e-02,	9.881313e-324,	
7.962319e-01,	-7.705538e-02,	9.881313e-324,	
7.949000e-01,	-7.373705e-02,	9.881313e-324,	
7.947886e-01,	-7.330774e-02,	9.881313e-324,	
7.878414e-01,	-6.859360e-02,	9.881313e-324,	
7.743622e-01,	-6.685858e-02,	9.881313e-324,	
7.726335e-01,	-6.101301e-02,	9.881313e-324,	
7.729549e-01,	-5.971683e-02,	9.881313e-324,	
7.726562e-01,	-5.695654e-02,	9.881313e-324,	
7.768412e-01,	-5.631593e-02,	9.881313e-324,	
7.773184e-01,	-5.488627e-02,	9.881313e-324,	
7.793615e-01,	-7.023346e-02,	9.881313e-324,	
7.796768e-01,	-7.766709e-02,	9.881313e-324,	
7.828361e-01,	-7.481035e-02,	9.881313e-324,	
7.842655e-01,	-7.262703e-02,	9.881313e-324,	
7.859628e-01,	-6.872512e-02,	9.881313e-324,	
7.883839e-01,	-6.552476e-02,	9.881313e-324,	
7.925108e-01,	-6.148385e-02,	9.881313e-324,	
7.943405e-01,	-5.925993e-02,	9.881313e-324,	
7.988468e-01,	-5.544767e-02,	9.881313e-324,	
8.037581e-01,	-5.124827e-02,	9.881313e-324,	
8.103871e-01,	-4.632427e-02,	9.881313e-324,	
8.158021e-01,	-4.534297e-02,	9.881313e-324,	
8.231193e-01,	-4.078259e-02,	9.881313e-324,	
8.300046e-01,	-3.721770e-02,	9.881313e-324,	
8.380957e-01,	-3.498324e-02,	9.881313e-324,	
8.426817e-01,	-3.250478e-02,	9.881313e-324,	
8.503411e-01,	-2.867868e-02,	9.881313e-324,	
8.672325e-01,	-2.591614e-02,	9.881313e-324,	
8.639911e-01,	-5.811694e-03,	9.881313e-324,	
8.668967e-01,	1.510205e-02,	9.881313e-324,	
8.661363e-01,	2.660628e-02,	9.881313e-324,	
8.671372e-01,	2.968944e-02,	9.881313e-324,	
8.672722e-01,	3.508511e-02,	9.881313e-324,	
8.666881e-01,	4.055339e-02,	9.881313e-324,	
8.666734e-01,	4.603416e-02,	9.881313e-324,	
8.655829e-01,	4.785995e-02,	9.881313e-324,	
8.699568e-01,	5.193635e-02,	9.881313e-324,	
8.735240e-01,	5.355664e-02,	9.881313e-324,	
8.746476e-01,	4.894117e-02,	9.881313e-324,	
8.691696e-01,	3.905555e-02,	9.881313e-324,	
8.653065e-01,	4.025655e-02,	9.881313e-324,	
8.631003e-01,	4.282239e-02,	9.881313e-324,	
8.613865e-01,	4.505286e-02,	9.881313e-324,	
8.637024e-01,	5.145037e-02,	9.881313e-324,	
8.660014e-01,	5.959408e-02,	9.881313e-324,	
8.678276e-01,	6.798014e-02,	9.881313e-324,	
8.717656e-01,	7.934294e-02,	9.881313e-324,	
8.770870e-01,	8.725863e-02,	9.881313e-324,	
8.774337e-01,	9.064724e-02,	9.881313e-324,	
8.786321e-01,	9.250562e-02,	9.881313e-324,	
8.787457e-01,	9.496261e-02,	9.881313e-324,	
8.781623e-01,	9.773569e-02,	9.881313e-324,	
8.800184e-01,	9.967954e-02,	9.881313e-324,	
8.828700e-01,	1.013305e-01,	9.881313e-324,	
8.866273e-01,	1.021318e-01,	9.881313e-324,	
8.887330e-01,	9.767663e-02,	9.881313e-324,	
8.904814e-01,	9.302703e-02,	9.881313e-324,	
8.911785e-01,	8.966991e-02,	9.881313e-324,	
8.894346e-01,	8.862283e-02,	9.881313e-324,	
8.881480e-01,	8.687158e-02,	9.881313e-324,	
8.861900e-01,	8.730491e-02,	9.881313e-324,	
8.862167e-01,	8.615893e-02,	9.881313e-324,	
8.864524e-01,	8.431723e-02,	9.881313e-324,	
8.857719e-01,	8.381086e-02,	9.881313e-324,	
8.837113e-01,	8.396520e-02,	9.881313e-324,	
8.825172e-01,	8.415259e-02,	9.881313e-324,	
8.830419e-01,	8.119470e-02,	9.881313e-324,	
8.866258e-01,	8.081228e-02,	9.881313e-324,	
8.879931e-01,	7.886141e-02,	9.881313e-324,	
8.832378e-01,	8.131794e-02,	9.881313e-324,	
8.813227e-01,	8.231664e-02,	9.881313e-324,	
8.796029e-01,	8.324913e-02,	9.881313e-324,	
8.782571e-01,	8.385182e-02,	9.881313e-324,	
8.743127e-01,	8.270301e-02,	9.881313e-324,	
8.728828e-01,	8.365812e-02,	9.881313e-324,	
8.679267e-01,	8.521358e-02,	9.881313e-324,	
8.655157e-01,	8.290657e-02,	9.881313e-324,	
8.633873e-01,	7.838770e-02,	9.881313e-324,	
8.536687e-01,	8.341038e-02,	9.881313e-324,	
8.521652e-01,	8.319004e-02,	9.881313e-324,	
8.506946e-01,	8.122329e-02,	9.881313e-324,	
8.503185e-01,	8.326611e-02,	9.881313e-324,	
8.506067e-01,	8.165027e-02,	9.881313e-324,	
8.514542e-01,	8.086843e-02,	9.881313e-324,	
8.514420e-01,	7.780480e-02,	9.881313e-324,	
8.542881e-01,	7.281265e-02,	9.881313e-324,	
8.561637e-01,	7.107505e-02,	9.881313e-324,	
8.564149e-01,	6.559527e-02,	9.881313e-324,	
8.595224e-01,	5.924724e-02,	9.881313e-324,	
8.607526e-01,	5.574304e-02,	9.881313e-324,	
8.622990e-01,	4.935618e-02,	9.881313e-324,	
8.636324e-01,	4.126686e-02,	9.881313e-324,	
8.656288e-01,	3.295087e-02,	9.881313e-324,	
8.661379e-01,	3.225837e-02,	9.881313e-324,	
8.723165e-01,	1.789064e-02,	9.881313e-324,	
8.732476e-01,	1.324886e-02,	9.881313e-324,	
8.783101e-01,	7.702548e-03,	9.881313e-324,	
8.887701e-01,	4.307357e-03,	9.881313e-324,	
8.914411e-01,	-1.088872e-03,	9.881313e-324,	
9.018070e-01,	-7.427315e-03,	9.881313e-324,	
9.112180e-01,	-9.781184e-03,	9.881313e-324,	
9.191184e-01,	-1.054117e-02,	9.881313e-324,	
9.289697e-01,	-9.100094e-03,	9.881313e-324,	
9.367768e-01,	-1.443511e-02,	9.881313e-324,	
9.422911e-01,	-1.926740e-02,	9.881313e-324,	
9.480056e-01,	-1.962019e-02,	9.881313e-324,	
9.532826e-01,	-2.419472e-02,	9.881313e-324,	
9.574309e-01,	-3.080548e-02,	9.881313e-324,	
9.567348e-01,	-3.331609e-02,	9.881313e-324,	
9.600897e-01,	-4.002886e-02,	9.881313e-324,	
9.622286e-01,	-4.675864e-02,	9.881313e-324,	
9.625823e-01,	-5.298147e-02,	9.881313e-324,	
9.588198e-01,	-5.460942e-02,	9.881313e-324,	
9.555594e-01,	-5.731204e-02,	9.881313e-324,	
9.548523e-01,	-6.362713e-02,	9.881313e-324,	
9.577257e-01,	-7.316365e-02,	9.881313e-324,	
9.547237e-01,	-7.349424e-02,	9.881313e-324,	
9.540178e-01,	-7.563226e-02,	9.881313e-324,	
9.547398e-01,	-8.113721e-02,	9.881313e-324,	
9.538918e-01,	-8.427977e-02,	9.881313e-324,	
9.552326e-01,	-9.026112e-02,	9.881313e-324,	
9.550739e-01,	-9.199153e-02,	9.881313e-324,	
9.543861e-01,	-9.090189e-02,	9.881313e-324,	
9.517984e-01,	-9.126132e-02,	9.881313e-324,	
9.516507e-01,	-9.252312e-02,	9.881313e-324,	
9.497149e-01,	-9.068602e-02,	9.881313e-324,	
9.476168e-01,	-8.810402e-02,	9.881313e-324,	
9.475673e-01,	-8.871266e-02,	9.881313e-324,	
9.458810e-01,	-8.476155e-02,	9.881313e-324,	
9.442461e-01,	-8.167719e-02,	9.881313e-324,	
9.437094e-01,	-7.945705e-02,	9.881313e-324,	
9.413644e-01,	-7.873315e-02,	9.881313e-324,	
9.410497e-01,	-7.839825e-02,	9.881313e-324,	
9.401498e-01,	-7.944633e-02,	9.881313e-324,	
9.370879e-01,	-7.916533e-02,	9.881313e-324,	
9.352457e-01,	-7.827001e-02,	9.881313e-324,	
9.334910e-01,	-7.792286e-02,	9.881313e-324,	
9.345016e-01,	-7.812042e-02,	9.881313e-324,	
9.372167e-01,	-7.869054e-02,	9.881313e-324,	
9.407359e-01,	-7.923785e-02,	9.881313e-324,	
9.449060e-01,	-7.937157e-02,	9.881313e-324,	
9.483207e-01,	-8.022761e-02,	9.881313e-324,	
9.477465e-01,	-7.847806e-02,	9.881313e-324,	
9.472648e-01,	-7.730227e-02,	9.881313e-324,	
9.475845e-01,	-7.591550e-02,	9.881313e-324,	
9.423444e-01,	-7.406728e-02,	9.881313e-324,	
9.395109e-01,	-7.273573e-02,	9.881313e-324,	
9.280403e-01,	-6.717140e-02,	9.881313e-324,	
9.225793e-01,	-6.274299e-02,	9.881313e-324,	
9.217084e-01,	-6.097777e-02,	9.881313e-324,	
9.229458e-01,	-6.239244e-02,	9.881313e-324,	
9.284213e-01,	-7.049442e-02,	9.881313e-324,	
9.300372e-01,	-7.342267e-02,	9.881313e-324,	
9.302790e-01,	-7.689462e-02,	9.881313e-324,	
9.297960e-01,	-7.835925e-02,	9.881313e-324,	
9.312502e-01,	-7.485893e-02,	9.881313e-324,	
9.307618e-01,	-7.125464e-02,	9.881313e-324,	
9.326301e-01,	-6.851543e-02,	9.881313e-324,	
9.335076e-01,	-6.548830e-02,	9.881313e-324,	
9.383831e-01,	-5.996518e-02,	9.881313e-324,	
9.442698e-01,	-5.833775e-02,	9.881313e-324,	
9.468904e-01,	-5.556371e-02,	9.881313e-324,	
9.547798e-01,	-4.921486e-02,	9.881313e-324,	
9.611041e-01,	-4.534661e-02,	9.881313e-324,	
9.646630e-01,	-4.362694e-02,	9.881313e-324,	
9.707219e-01,	-3.909975e-02,	9.881313e-324,	
9.834563e-01,	-2.779396e-02,	9.881313e-324,	
9.858945e-01,	-1.484320e-02,	9.881313e-324,	
9.896952e-01,	-5.173727e-03,	9.881313e-324,	
9.923058e-01,	3.518410e-03,	9.881313e-324,	
9.969814e-01,	1.301328e-02,	9.881313e-324,	
9.922639e-01,	1.739201e-02,	9.881313e-324,	
9.951205e-01,	2.176417e-02,	9.881313e-324,	
9.962022e-01,	2.448108e-02,	9.881313e-324,	
9.945641e-01,	2.107621e-02,	9.881313e-324,	
9.940446e-01,	2.210821e-02,	9.881313e-324,	
9.933063e-01,	2.516638e-02,	9.881313e-324,	
9.915661e-01,	2.499624e-02,	9.881313e-324,	
9.938784e-01,	2.900277e-02,	9.881313e-324,	
9.953441e-01,	3.274711e-02,	9.881313e-324,	
9.975565e-01,	3.771455e-02,	9.881313e-324,	
1.000045e+00,	4.207058e-02,	9.881313e-324,	
1.002167e+00,	4.913944e-02,	9.881313e-324,	
1.005689e+00,	5.598633e-02,	9.881313e-324,	
1.008587e+00,	6.356384e-02,	9.881313e-324,	
1.012184e+00,	6.994433e-02,	9.881313e-324,	
1.015728e+00,	7.254349e-02,	9.881313e-324,	
1.020960e+00,	7.731018e-02,	9.881313e-324,	
1.024150e+00,	8.076957e-02,	9.881313e-324,	
1.026471e+00,	8.403547e-02,	9.881313e-324,	
1.032212e+00,	8.525432e-02,	9.881313e-324,	
1.033804e+00,	8.508501e-02,	9.881313e-324,	
1.036116e+00,	8.485601e-02,	9.881313e-324,	
1.034306e+00,	8.374227e-02,	9.881313e-324,	
1.034025e+00,	8.497701e-02,	9.881313e-324,	
1.032145e+00,	8.591348e-02,	9.881313e-324,	
1.031358e+00,	8.623718e-02,	9.881313e-324,	
1.029395e+00,	8.662248e-02,	9.881313e-324,	
1.030470e+00,	8.241408e-02,	9.881313e-324,	
1.029708e+00,	8.216085e-02,	9.881313e-324,	
1.030788e+00,	8.295238e-02,	9.881313e-324,	
1.031246e+00,	8.255834e-02,	9.881313e-324,	
1.029578e+00,	8.089021e-02,	9.881313e-324,	
1.026720e+00,	7.988049e-02,	9.881313e-324,	
1.024157e+00,	7.937342e-02,	9.881313e-324,	
1.021790e+00,	7.988079e-02,	9.881313e-324,	
1.019816e+00,	8.075898e-02,	9.881313e-324,	
1.016861e+00,	8.105442e-02,	9.881313e-324,	
1.015816e+00,	7.858369e-02,	9.881313e-324,	
1.018603e+00,	7.822896e-02,	9.881313e-324,	
1.018385e+00,	7.995218e-02,	9.881313e-324,	
1.020837e+00,	8.197782e-02,	9.881313e-324,	
1.017943e+00,	8.233797e-02,	9.881313e-324,	
1.016722e+00,	8.198552e-02,	9.881313e-324,	
1.015306e+00,	8.715171e-02,	9.881313e-324,	
1.009255e+00,	9.286706e-02,	9.881313e-324,	
1.005520e+00,	9.383361e-02,	9.881313e-324,	
1.003725e+00,	9.559194e-02,	9.881313e-324,	
1.001861e+00,	9.723383e-02,	9.881313e-324,	
1.000540e+00,	8.677934e-02,	9.881313e-324,	
9.951104e-01,	8.875215e-02,	9.881313e-324,	
9.954480e-01,	8.346861e-02,	9.881313e-324,	
9.937603e-01,	8.226699e-02,	9.881313e-324,	
9.941704e-01,	8.238867e-02,	9.881313e-324,	
9.947376e-01,	8.134506e-02,	9.881313e-324,	
9.964765e-01,	8.096072e-02,	9.881313e-324,	
9.991920e-01,	7.771193e-02,	9.881313e-324,	
1.000485e+00,	7.351879e-02,	9.881313e-324,	
1.002065e+00,	7.028707e-02,	9.881313e-324,	
1.003564e+00,	6.505072e-02,	9.881313e-324,	
1.006383e+00,	5.762547e-02,	9.881313e-324,	
1.007462e+00,	5.337677e-02,	9.881313e-324,	
1.009576e+00,	4.722621e-02,	9.881313e-324,	
1.012786e+00,	3.865840e-02,	9.881313e-324,	
1.019252e+00,	3.053699e-02,	9.881313e-324,	
1.026261e+00,	2.676823e-02,	9.881313e-324,	
1.033156e+00,	2.070872e-02,	9.881313e-324,	
1.039917e+00,	1.695431e-02,	9.881313e-324,	
1.046848e+00,	1.290832e-02,	9.881313e-324,	
1.056475e+00,	5.865451e-03,	9.881313e-324,	
1.063690e+00,	1.082159e-03,	9.881313e-324,	
1.066930e+00,	1.035916e-03,	9.881313e-324,	
1.071122e+00,	-2.960623e-03,	9.881313e-324,	
1.075685e+00,	-8.178076e-03,	9.881313e-324,	
1.078165e+00,	-1.294360e-02,	9.881313e-324,	
1.079910e+00,	-1.767515e-02,	9.881313e-324,	
1.082778e+00,	-2.341182e-02,	9.881313e-324,	
1.083006e+00,	-2.541632e-02,	9.881313e-324,	
1.083601e+00,	-3.037297e-02,	9.881313e-324,	
1.085575e+00,	-3.744476e-02,	9.881313e-324,	
1.085322e+00,	-4.012419e-02,	9.881313e-324,	
1.087659e+00,	-4.663607e-02,	9.881313e-324,	
1.087831e+00,	-5.189753e-02,	9.881313e-324,	
1.086575e+00,	-5.508854e-02,	9.881313e-324,	
1.085156e+00,	-5.745859e-02,	9.881313e-324,	
1.083629e+00,	-6.145204e-02,	9.881313e-324,	
1.083099e+00,	-6.546133e-02,	9.881313e-324,	
1.083942e+00,	-6.900375e-02,	9.881313e-324,	
1.085831e+00,	-7.170769e-02,	9.881313e-324,	
1.088288e+00,	-7.520490e-02,	9.881313e-324,	
1.093790e+00,	-8.173447e-02,	9.881313e-324,	
1.098200e+00,	-8.697956e-02,	9.881313e-324,	
1.100536e+00,	-9.021205e-02,	9.881313e-324,	
1.101765e+00,	-9.342983e-02,	9.881313e-324,	
1.102157e+00,	-9.561401e-02,	9.881313e-324,	
1.102095e+00,	-9.423183e-02,	9.881313e-324,	
1.102740e+00,	-9.474930e-02,	9.881313e-324,	
1.102860e+00,	-9.479726e-02,	9.881313e-324,	
1.103036e+00,	-9.488071e-02,	9.881313e-324,	
1.103015e+00,	-9.049512e-02,	9.881313e-324,	
1.102036e+00,	-8.727185e-02,	9.881313e-324,	
1.103160e+00,	-8.345409e-02,	9.881313e-324,	
1.103212e+00,	-8.244500e-02,	9.881313e-324,	
1.100931e+00,	-8.244274e-02,	9.881313e-324,	
1.096046e+00,	-8.219102e-02,	9.881313e-324,	
1.094044e+00,	-8.096303e-02,	9.881313e-324,	
1.092198e+00,	-8.115624e-02,	9.881313e-324,	
1.088823e+00,	-8.055109e-02,	9.881313e-324,	
1.085466e+00,	-7.952807e-02,	9.881313e-324,	
1.084556e+00,	-7.982074e-02,	9.881313e-324,	
1.082914e+00,	-7.865983e-02,	9.881313e-324,	
1.084070e+00,	-7.758199e-02,	9.881313e-324,	
1.088624e+00,	-7.869745e-02,	9.881313e-324,	
1.089270e+00,	-7.824072e-02,	9.881313e-324,	
1.086913e+00,	-7.777307e-02,	9.881313e-324,	
1.086817e+00,	-7.629978e-02,	9.881313e-324,	
1.083996e+00,	-7.336911e-02,	9.881313e-324,	
1.077248e+00,	-6.776682e-02,	9.881313e-324,	
1.067343e+00,	-6.753086e-02,	9.881313e-324,	
1.059227e+00,	-6.369153e-02,	9.881313e-324,	
1.061346e+00,	-6.109605e-02,	9.881313e-324,	
1.057853e+00,	-5.808705e-02,	9.881313e-324,	
1.061320e+00,	-5.911714e-02,	9.881313e-324,	
1.060294e+00,	-5.639178e-02,	9.881313e-324,	
1.061702e+00,	-5.572640e-02,	9.881313e-324,	
1.061468e+00,	-5.754458e-02,	9.881313e-324,	
1.060713e+00,	-6.133667e-02,	9.881313e-324,	
1.062224e+00,	-6.434286e-02,	9.881313e-324,	
1.063117e+00,	-6.632383e-02,	9.881313e-324,	
1.066940e+00,	-6.325367e-02,	9.881313e-324,	
1.070681e+00,	-5.969314e-02,	9.881313e-324,	
1.071625e+00,	-5.791842e-02,	9.881313e-324,	
1.075620e+00,	-5.433060e-02,	9.881313e-324,	
1.078536e+00,	-4.974118e-02,	9.881313e-324,	
1.081492e+00,	-4.590786e-02,	9.881313e-324,	
1.084450e+00,	-4.403256e-02,	9.881313e-324,	
1.088494e+00,	-3.975207e-02,	9.881313e-324,	
1.092076e+00,	-3.528326e-02,	9.881313e-324,	
1.098830e+00,	-3.534425e-02,	9.881313e-324,	
1.109442e+00,	-3.027129e-02,	9.881313e-324,	
1.118170e+00,	-2.132419e-02,	9.881313e-324,	
1.123740e+00,	-1.820332e-02,	9.881313e-324,	
1.136339e+00,	5.817099e-03,	9.881313e-324,	
1.143567e+00,	1.767295e-02,	9.881313e-324,	
1.146914e+00,	2.581007e-02,	9.881313e-324,	
1.153285e+00,	3.031574e-02,	9.881313e-324,	
1.157680e+00,	3.434931e-02,	9.881313e-324,	
1.162062e+00,	3.590505e-02,	9.881313e-324,	
1.165011e+00,	3.940457e-02,	9.881313e-324,	
1.168804e+00,	4.141524e-02,	9.881313e-324,	
1.172935e+00,	4.152531e-02,	9.881313e-324,	
1.174492e+00,	3.782361e-02,	9.881313e-324,	
1.173709e+00,	3.406520e-02,	9.881313e-324,	
1.170698e+00,	3.336060e-02,	9.881313e-324,	
1.168241e+00,	3.552495e-02,	9.881313e-324,	
1.163337e+00,	4.011087e-02,	9.881313e-324,	
1.162923e+00,	4.591796e-02,	9.881313e-324,	
1.159627e+00,	5.231324e-02,	9.881313e-324,	
1.157089e+00,	5.813103e-02,	9.881313e-324,	
1.158600e+00,	7.020997e-02,	9.881313e-324,	
1.160445e+00,	7.901326e-02,	9.881313e-324,	
1.159457e+00,	8.342158e-02,	9.881313e-324,	
1.160925e+00,	8.499218e-02,	9.881313e-324,	
1.161237e+00,	8.785529e-02,	9.881313e-324,	
1.160490e+00,	9.216869e-02,	9.881313e-324,	
1.160190e+00,	9.561148e-02,	9.881313e-324,	
1.159895e+00,	9.882286e-02,	9.881313e-324,	
1.161818e+00,	9.797168e-02,	9.881313e-324,	
1.163394e+00,	9.852242e-02,	9.881313e-324,	
1.163175e+00,	9.654540e-02,	9.881313e-324,	
1.163315e+00,	9.248391e-02,	9.881313e-324,	
1.163702e+00,	9.159145e-02,	9.881313e-324,	
1.167734e+00,	8.688780e-02,	9.881313e-324,	
1.167814e+00,	8.498598e-02,	9.881313e-324,	
1.164565e+00,	8.547415e-02,	9.881313e-324,	
1.163429e+00,	8.529543e-02,	9.881313e-324,	
1.160079e+00,	8.423093e-02,	9.881313e-324,	
1.159867e+00,	8.278370e-02,	9.881313e-324,	
1.159812e+00,	8.284543e-02,	9.881313e-324,	
1.158206e+00,	8.229692e-02,	9.881313e-324,	
1.157087e+00,	8.146799e-02,	9.881313e-324,	
1.160243e+00,	8.044707e-02,	9.881313e-324,	
1.162637e+00,	7.936124e-02,	9.881313e-324,	
1.164885e+00,	8.130293e-02,	9.881313e-324,	
1.161570e+00,	8.174816e-02,	9.881313e-324,	
1.161555e+00,	8.126114e-02,	9.881313e-324,	
1.161586e+00,	8.065955e-02,	9.881313e-324,	
1.159103e+00,	8.403262e-02,	9.881313e-324,	
1.149750e+00,	8.972284e-02,	9.881313e-324,	
1.148517e+00,	8.991383e-02,	9.881313e-324,	
1.151345e+00,	8.160361e-02,	9.881313e-324,	
1.140414e+00,	8.291667e-02,	9.881313e-324,	
1.141775e+00,	8.160345e-02,	9.881313e-324,	
1.136604e+00,	8.041631e-02,	9.881313e-324,	
1.137550e+00,	8.087480e-02,	9.881313e-324,	
1.141051e+00,	8.323113e-02,	9.881313e-324,	
1.142177e+00,	8.315801e-02,	9.881313e-324,	
1.142953e+00,	8.148190e-02,	9.881313e-324,	
1.144982e+00,	7.837768e-02,	9.881313e-324,	
1.146418e+00,	7.466364e-02,	9.881313e-324,	
1.149176e+00,	7.027685e-02,	9.881313e-324,	
1.151077e+00,	6.777076e-02,	9.881313e-324,	
1.154104e+00,	6.016041e-02,	9.881313e-324,	
1.155720e+00,	5.725024e-02,	9.881313e-324,	
1.158287e+00,	5.248769e-02,	9.881313e-324,	
1.160864e+00,	4.625084e-02,	9.881313e-324,	
1.161111e+00,	3.785568e-02,	9.881313e-324,	
1.164917e+00,	2.771930e-02,	9.881313e-324,	
1.169245e+00,	1.641828e-02,	9.881313e-324,	
1.179943e+00,	6.166430e-03,	9.881313e-324,	
1.186112e+00,	8.218822e-04,	9.881313e-324,	
1.192223e+00,	-2.323495e-03,	9.881313e-324,	
1.199868e+00,	-8.669453e-03,	9.881313e-324,	
1.206014e+00,	-7.972448e-03,	9.881313e-324,	
1.211176e+00,	-1.131242e-02,	9.881313e-324,	
1.216776e+00,	-1.422678e-02,	9.881313e-324,	
1.217384e+00,	-1.240532e-02,	9.881313e-324,	
1.218506e+00,	-1.418058e-02,	9.881313e-324,	
1.217813e+00,	-1.535630e-02,	9.881313e-324,	
1.222016e+00,	-1.844133e-02,	9.881313e-324,	
1.224678e+00,	-2.246839e-02,	9.881313e-324,	
1.223582e+00,	-2.746987e-02,	9.881313e-324,	
1.223600e+00,	-3.419519e-02,	9.881313e-324,	
1.226987e+00,	-4.299934e-02,	9.881313e-324,	
1.231489e+00,	-5.286120e-02,	9.881313e-324,	
1.232287e+00,	-5.928677e-02,	9.881313e-324,	
1.231007e+00,	-6.408714e-02,	9.881313e-324,	
1.231346e+00,	-7.078280e-02,	9.881313e-324,	
1.231424e+00,	-7.458109e-02,	9.881313e-324,	
1.232402e+00,	-7.691271e-02,	9.881313e-324,	
1.235506e+00,	-8.006329e-02,	9.881313e-324,	
1.237555e+00,	-8.209682e-02,	9.881313e-324,	
1.239515e+00,	-8.362938e-02,	9.881313e-324,	
1.243049e+00,	-8.668325e-02,	9.881313e-324,	
1.245213e+00,	-8.750002e-02,	9.881313e-324,	
1.243604e+00,	-8.718658e-02,	9.881313e-324,	
1.244066e+00,	-8.987811e-02,	9.881313e-324,	
1.243195e+00,	-9.020341e-02,	9.881313e-324,	
1.243016e+00,	-8.884745e-02,	9.881313e-324,	
1.242707e+00,	-8.739312e-02,	9.881313e-324,	
1.243061e+00,	-8.468207e-02,	9.881313e-324,	
1.243903e+00,	-8.244053e-02,	9.881313e-324,	
1.243126e+00,	-8.098719e-02,	9.881313e-324,	
1.242151e+00,	-8.125391e-02,	9.881313e-324,	
1.240141e+00,	-8.136372e-02,	9.881313e-324,	
1.235834e+00,	-8.090791e-02,	9.881313e-324,	
1.234358e+00,	-8.094686e-02,	9.881313e-324,	
1.232257e+00,	-8.044016e-02,	9.881313e-324,	
1.230910e+00,	-8.094966e-02,	9.881313e-324,	
1.225797e+00,	-7.935178e-02,	9.881313e-324,	
1.222994e+00,	-7.922077e-02,	9.881313e-324,	
1.221940e+00,	-7.959391e-02,	9.881313e-324,	
1.224214e+00,	-7.851290e-02,	9.881313e-324,	
1.227700e+00,	-7.737831e-02,	9.881313e-324,	
1.228840e+00,	-7.944689e-02,	9.881313e-324,	
1.227890e+00,	-7.833876e-02,	9.881313e-324,	
1.226618e+00,	-7.669049e-02,	9.881313e-324,	
1.227332e+00,	-7.591466e-02,	9.881313e-324,	
1.223327e+00,	-7.335989e-02,	9.881313e-324,	
1.216586e+00,	-6.878538e-02,	9.881313e-324,	
1.210006e+00,	-6.569927e-02,	9.881313e-324,	
1.205592e+00,	-6.340319e-02,	9.881313e-324,	
1.204718e+00,	-6.131850e-02,	9.881313e-324,	
1.200500e+00,	-6.064124e-02,	9.881313e-324,	
1.204789e+00,	-5.921926e-02,	9.881313e-324,	
1.201893e+00,	-5.940899e-02,	9.881313e-324,	
1.201215e+00,	-6.557614e-02,	9.881313e-324,	
1.202689e+00,	-6.846604e-02,	9.881313e-324,	
1.205316e+00,	-6.720366e-02,	9.881313e-324,	
1.207823e+00,	-6.838798e-02,	9.881313e-324,	
1.209301e+00,	-6.543416e-02,	9.881313e-324,	
1.212912e+00,	-6.181523e-02,	9.881313e-324,	
1.216589e+00,	-5.827689e-02,	9.881313e-324,	
1.219247e+00,	-5.740154e-02,	9.881313e-324,	
1.221537e+00,	-5.209120e-02,	9.881313e-324,	
1.223941e+00,	-5.078829e-02,	9.881313e-324,	
1.227253e+00,	-4.645028e-02,	9.881313e-324,	
1.230573e+00,	-4.162080e-02,	9.881313e-324,	
1.234535e+00,	-4.029896e-02,	9.881313e-324,	
1.239756e+00,	-3.614531e-02,	9.881313e-324,	
1.248338e+00,	-3.483531e-02,	9.881313e-324,	
1.259703e+00,	-1.929192e-02,	9.881313e-324,	
1.269458e+00,	-1.647892e-03,	9.881313e-324,	
1.280894e+00,	1.114007e-02,	9.881313e-324,	
1.284025e+00,	1.586364e-02,	9.881313e-324,	
1.289890e+00,	2.046472e-02,	9.881313e-324,	
1.297343e+00,	2.416471e-02,	9.881313e-324,	
1.301410e+00,	2.161883e-02,	9.881313e-324,	
1.303846e+00,	1.884514e-02,	9.881313e-324,	
1.307430e+00,	1.701157e-02,	9.881313e-324,	
1.307587e+00,	1.663293e-02,	9.881313e-324,	
1.310766e+00,	1.519647e-02,	9.881313e-324,	
1.309870e+00,	1.631229e-02,	9.881313e-324,	
1.306010e+00,	2.133393e-02,	9.881313e-324,	
1.303029e+00,	2.584532e-02,	9.881313e-324,	
1.303831e+00,	3.439236e-02,	9.881313e-324,	
1.303384e+00,	4.437026e-02,	9.881313e-324,	
1.302591e+00,	5.572055e-02,	9.881313e-324,	
1.304705e+00,	6.451081e-02,	9.881313e-324,	
1.306230e+00,	7.143735e-02,	9.881313e-324,	
1.306637e+00,	7.437063e-02,	9.881313e-324,	
1.307443e+00,	7.858718e-02,	9.881313e-324,	
1.307615e+00,	8.133834e-02,	9.881313e-324,	
1.306752e+00,	8.490232e-02,	9.881313e-324,	
1.307822e+00,	8.816731e-02,	9.881313e-324,	
1.308159e+00,	9.025955e-02,	9.881313e-324,	
1.305889e+00,	9.082553e-02,	9.881313e-324,	
1.303601e+00,	9.166245e-02,	9.881313e-324,	
1.303602e+00,	9.249407e-02,	9.881313e-324,	
1.302704e+00,	9.188731e-02,	9.881313e-324,	
1.301791e+00,	8.809368e-02,	9.881313e-324,	
1.302317e+00,	8.624113e-02,	9.881313e-324,	
1.300986e+00,	8.383371e-02,	9.881313e-324,	
1.301551e+00,	8.244241e-02,	9.881313e-324,	
1.301540e+00,	8.260534e-02,	9.881313e-324,	
1.298304e+00,	8.279891e-02,	9.881313e-324,	
1.296916e+00,	8.207989e-02,	9.881313e-324,	
1.296242e+00,	8.291105e-02,	9.881313e-324,	
1.295360e+00,	8.328819e-02,	9.881313e-324,	
1.295395e+00,	8.333606e-02,	9.881313e-324,	
1.296879e+00,	8.348363e-02,	9.881313e-324,	
1.297867e+00,	8.269037e-02,	9.881313e-324,	
1.301703e+00,	8.150216e-02,	9.881313e-324,	
1.306703e+00,	8.040204e-02,	9.881313e-324,	
1.306763e+00,	8.045311e-02,	9.881313e-324,	
1.306695e+00,	8.146668e-02,	9.881313e-324,	
1.301537e+00,	7.972562e-02,	9.881313e-324,	
1.300200e+00,	7.963633e-02,	9.881313e-324,	
1.301649e+00,	7.946986e-02,	9.881313e-324,	
1.302477e+00,	7.916809e-02,	9.881313e-324,	
1.307942e+00,	7.240082e-02,	9.881313e-324,	
1.301802e+00,	7.342324e-02,	9.881313e-324,	
1.295599e+00,	6.813356e-02,	9.881313e-324,	
1.293834e+00,	7.064621e-02,	9.881313e-324,	
1.292607e+00,	6.680971e-02,	9.881313e-324,	
1.288630e+00,	7.176633e-02,	9.881313e-324,	
1.291146e+00,	7.722583e-02,	9.881313e-324,	
1.294813e+00,	8.101215e-02,	9.881313e-324,	
1.294628e+00,	8.303360e-02,	9.881313e-324,	
1.293978e+00,	8.110207e-02,	9.881313e-324,	
1.294072e+00,	7.938284e-02,	9.881313e-324,	
1.292191e+00,	7.915728e-02,	9.881313e-324,	
1.293641e+00,	7.547470e-02,	9.881313e-324,	
1.294705e+00,	7.332881e-02,	9.881313e-324,	
1.297067e+00,	6.895330e-02,	9.881313e-324,	
1.300004e+00,	6.486615e-02,	9.881313e-324,	
1.303122e+00,	5.993557e-02,	9.881313e-324,	
1.303512e+00,	5.793566e-02,	9.881313e-324,	
1.305190e+00,	5.241237e-02,	9.881313e-324,	
1.307533e+00,	4.708838e-02,	9.881313e-324,	
1.311717e+00,	3.947280e-02,	9.881313e-324,	
1.313314e+00,	3.256099e-02,	9.881313e-324,	
1.311859e+00,	2.103110e-02,	9.881313e-324,	
1.311159e+00,	5.447595e-03,	9.881313e-324,	
1.315292e+00,	-5.146730e-03,	9.881313e-324,	
1.316328e+00,	-1.009584e-02,	9.881313e-324,	
1.320259e+00,	-1.386523e-02,	9.881313e-324,	
1.331883e+00,	-2.502608e-02,	9.881313e-324,	
1.334924e+00,	-2.824668e-02,	9.881313e-324,	
1.342737e+00,	-3.409544e-02,	9.881313e-324,	
1.346197e+00,	-3.617244e-02,	9.881313e-324,	
1.352159e+00,	-4.137588e-02,	9.881313e-324,	
1.358639e+00,	-4.580676e-02,	9.881313e-324,	
1.365097e+00,	-4.716778e-02,	9.881313e-324,	
1.370606e+00,	-4.715598e-02,	9.881313e-324,	
1.375779e+00,	-3.971086e-02,	9.881313e-324,	
1.382100e+00,	-4.133510e-02,	9.881313e-324,	
1.385694e+00,	-4.481227e-02,	9.881313e-324,	
1.389330e+00,	-4.576211e-02,	9.881313e-324,	
1.392360e+00,	-4.745570e-02,	9.881313e-324,	
1.395997e+00,	-5.348889e-02,	9.881313e-324,	
1.397485e+00,	-6.136395e-02,	9.881313e-324,	
1.397451e+00,	-6.821977e-02,	9.881313e-324,	
1.399084e+00,	-7.543273e-02,	9.881313e-324,	
1.400332e+00,	-8.195146e-02,	9.881313e-324,	
1.401780e+00,	-8.718247e-02,	9.881313e-324,	
1.402808e+00,	-9.231876e-02,	9.881313e-324,	
1.401714e+00,	-9.511880e-02,	9.881313e-324,	
1.401220e+00,	-9.557979e-02,	9.881313e-324,	
1.399078e+00,	-9.716403e-02,	9.881313e-324,	
1.399041e+00,	-9.857880e-02,	9.881313e-324,	
1.394884e+00,	-9.677336e-02,	9.881313e-324,	
1.392188e+00,	-9.604465e-02,	9.881313e-324,	
1.389466e+00,	-9.363712e-02,	9.881313e-324,	
1.386904e+00,	-9.107440e-02,	9.881313e-324,	
1.385880e+00,	-8.821019e-02,	9.881313e-324,	
1.384630e+00,	-8.472439e-02,	9.881313e-324,	
1.384428e+00,	-8.280681e-02,	9.881313e-324,	
1.380502e+00,	-8.040401e-02,	9.881313e-324,	
1.375572e+00,	-7.858026e-02,	9.881313e-324,	
1.372967e+00,	-7.832194e-02,	9.881313e-324,	
1.371215e+00,	-7.777401e-02,	9.881313e-324,	
1.369945e+00,	-7.788979e-02,	9.881313e-324,	
1.369299e+00,	-7.791865e-02,	9.881313e-324,	
1.369384e+00,	-7.751885e-02,	9.881313e-324,	
1.369545e+00,	-7.788747e-02,	9.881313e-324,	
1.368549e+00,	-7.722830e-02,	9.881313e-324,	
1.370387e+00,	-7.670358e-02,	9.881313e-324,	
1.374309e+00,	-7.690234e-02,	9.881313e-324,	
1.372563e+00,	-7.572785e-02,	9.881313e-324,	
1.374179e+00,	-7.584304e-02,	9.881313e-324,	
1.375720e+00,	-7.488037e-02,	9.881313e-324,	
1.371895e+00,	-7.122804e-02,	9.881313e-324,	
1.373943e+00,	-6.875444e-02,	9.881313e-324,	
1.373006e+00,	-6.561478e-02,	9.881313e-324,	
1.376793e+00,	-7.211536e-02,	9.881313e-324,	
1.378058e+00,	-8.227561e-02,	9.881313e-324,	
1.380236e+00,	-8.815538e-02,	9.881313e-324,	
1.380949e+00,	-8.879325e-02,	9.881313e-324,	
1.383093e+00,	-8.877281e-02,	9.881313e-324,	
1.385172e+00,	-8.720365e-02,	9.881313e-324,	
1.384082e+00,	-8.261869e-02,	9.881313e-324,	
1.383120e+00,	-7.969765e-02,	9.881313e-324,	
1.382817e+00,	-7.650981e-02,	9.881313e-324,	
1.381355e+00,	-7.247232e-02,	9.881313e-324,	
1.380119e+00,	-7.004040e-02,	9.881313e-324,	
1.376988e+00,	-6.444946e-02,	9.881313e-324,	
1.374127e+00,	-5.924118e-02,	9.881313e-324,	
1.371761e+00,	-5.436750e-02,	9.881313e-324,	
1.372298e+00,	-5.212492e-02,	9.881313e-324,	
1.369515e+00,	-4.618308e-02,	9.881313e-324,	
1.366690e+00,	-4.034306e-02,	9.881313e-324,	
1.364736e+00,	-3.840970e-02,	9.881313e-324,	
1.363309e+00,	-3.319893e-02,	9.881313e-324,	
1.362438e+00,	-2.710664e-02,	9.881313e-324,	
1.362079e+00,	-2.487737e-02,	9.881313e-324,	
1.362950e+00,	-1.962607e-02,	9.881313e-324,	
1.360079e+00,	-1.267811e-02,	9.881313e-324,	
1.358408e+00,	-3.969857e-03,	9.881313e-324,	
1.360041e+00,	1.808927e-02,	9.881313e-324,	
1.367146e+00,	3.509571e-02,	9.881313e-324,	
1.370867e+00,	3.987591e-02,	9.881313e-324,	
1.370375e+00,	4.407996e-02,	9.881313e-324,	
1.371037e+00,	4.877481e-02,	9.881313e-324,	
1.371265e+00,	5.296385e-02,	9.881313e-324,	
1.372579e+00,	5.554396e-02,	9.881313e-324,	
1.373767e+00,	6.000775e-02,	9.881313e-324,	
1.374241e+00,	6.366648e-02,	9.881313e-324,	
1.375909e+00,	6.535789e-02,	9.881313e-324,	
1.373099e+00,	5.972642e-02,	9.881313e-324,	
1.370203e+00,	5.496423e-02,	9.881313e-324,	
1.376492e+00,	5.169741e-02,	9.881313e-324,	
1.379086e+00,	4.955895e-02,	9.881313e-324,	
1.380564e+00,	5.129158e-02,	9.881313e-324,	
1.383412e+00,	5.347209e-02,	9.881313e-324,	
1.386944e+00,	6.032495e-02,	9.881313e-324,	
1.389798e+00,	6.894839e-02,	9.881313e-324,	
1.390399e+00,	7.904338e-02,	9.881313e-324,	
1.388515e+00,	8.846524e-02,	9.881313e-324,	
1.386300e+00,	9.328881e-02,	9.881313e-324,	
1.386783e+00,	9.764081e-02,	9.881313e-324,	
1.385186e+00,	1.007136e-01,	9.881313e-324,	
1.385546e+00,	1.027115e-01,	9.881313e-324,	
1.384633e+00,	1.047603e-01,	9.881313e-324,	
1.384172e+00,	1.068415e-01,	9.881313e-324,	
1.383879e+00,	1.079483e-01,	9.881313e-324,	
1.384293e+00,	1.080493e-01,	9.881313e-324,	
1.383992e+00,	1.072814e-01,	9.881313e-324,	
1.382632e+00,	1.074904e-01,	9.881313e-324,	
1.381968e+00,	1.048284e-01,	9.881313e-324,	
1.380587e+00,	1.039533e-01,	9.881313e-324,	
1.379237e+00,	1.036966e-01,	9.881313e-324,	
1.379215e+00,	1.023647e-01,	9.881313e-324,	
1.378177e+00,	1.020332e-01,	9.881313e-324,	
1.377851e+00,	1.030406e-01,	9.881313e-324,	
1.375868e+00,	1.026108e-01,	9.881313e-324,	
1.375381e+00,	1.033056e-01,	9.881313e-324,	
1.374463e+00,	1.018946e-01,	9.881313e-324,	
1.371963e+00,	1.007936e-01,	9.881313e-324,	
1.371240e+00,	1.010711e-01,	9.881313e-324,	
1.371505e+00,	1.018225e-01,	9.881313e-324,	
1.371162e+00,	1.007531e-01,	9.881313e-324,	
1.372226e+00,	1.021721e-01,	9.881313e-324,	
1.371724e+00,	1.048538e-01,	9.881313e-324,	
1.373110e+00,	1.021081e-01,	9.881313e-324,	
1.372048e+00,	8.859307e-02,	9.881313e-324,	
1.368405e+00,	9.412994e-02,	9.881313e-324,	
1.376170e+00,	9.198892e-02,	9.881313e-324,	
1.377624e+00,	9.627541e-02,	9.881313e-324,	
1.385728e+00,	9.696162e-02,	9.881313e-324,	
1.390860e+00,	9.642941e-02,	9.881313e-324,	
1.389670e+00,	9.839507e-02,	9.881313e-324,	
1.389096e+00,	1.007602e-01,	9.881313e-324,	
1.390246e+00,	9.979016e-02,	9.881313e-324,	
1.390261e+00,	9.847737e-02,	9.881313e-324,	
1.389687e+00,	9.751912e-02,	9.881313e-324,	
1.390989e+00,	9.575984e-02,	9.881313e-324,	
1.389001e+00,	9.309560e-02,	9.881313e-324,	
1.387849e+00,	9.078068e-02,	9.881313e-324,	
1.387770e+00,	9.012906e-02,	9.881313e-324,	
1.386464e+00,	8.780188e-02,	9.881313e-324,	
1.385397e+00,	8.501412e-02,	9.881313e-324,	
1.386021e+00,	8.252407e-02,	9.881313e-324,	
1.386615e+00,	8.052188e-02,	9.881313e-324,	
1.386386e+00,	7.784454e-02,	9.881313e-324,	
1.386472e+00,	7.422118e-02,	9.881313e-324,	
1.388027e+00,	7.030582e-02,	9.881313e-324,	
1.388081e+00,	6.338169e-02,	9.881313e-324,	
1.387062e+00,	5.797982e-02,	9.881313e-324,	
1.386088e+00,	5.584443e-02,	9.881313e-324,	
1.380038e+00,	4.980899e-02,	9.881313e-324,	
1.379358e+00,	4.606861e-02,	9.881313e-324,	
1.374744e+00,	3.523254e-02,	9.881313e-324,	
1.373048e+00,	3.223746e-02,	9.881313e-324,	
1.372212e+00,	3.130247e-02,	9.881313e-324,	
1.370314e+00,	2.871228e-02,	9.881313e-324,	
1.368090e+00,	2.751141e-02,	9.881313e-324,	
1.365023e+00,	2.711315e-02,	9.881313e-324,	
1.362561e+00,	2.641217e-02,	9.881313e-324,	
1.361969e+00,	2.665883e-02,	9.881313e-324,	
1.360537e+00,	2.608739e-02,	9.881313e-324,	
1.360825e+00,	2.498009e-02,	9.881313e-324,	
1.362517e+00,	2.448364e-02,	9.881313e-324,	
1.362707e+00,	2.378171e-02,	9.881313e-324,	
1.364743e+00,	1.939007e-02,	9.881313e-324,	
1.366292e+00,	1.578309e-02,	9.881313e-324,	
1.366867e+00,	1.423290e-02,	9.881313e-324,	
1.369741e+00,	9.381953e-03,	9.881313e-324,	
1.370988e+00,	7.504944e-03,	9.881313e-324,	
1.371651e+00,	6.141533e-03,	9.881313e-324,	
1.374896e+00,	2.404527e-03,	9.881313e-324,	
1.376586e+00,	1.080844e-03,	9.881313e-324,	
1.383556e+00,	-5.641264e-04,	9.881313e-324,	
1.384723e+00,	-1.158786e-03,	9.881313e-324,	
1.387971e+00,	-3.914521e-03,	9.881313e-324,	
1.388445e+00,	-4.172431e-03,	9.881313e-324,	
1.390369e+00,	-4.144595e-03,	9.881313e-324,	
1.391728e+00,	-5.453945e-03,	9.881313e-324,	
1.391573e+00,	-5.380827e-03,	9.881313e-324,	
1.390821e+00,	-4.458725e-03,	9.881313e-324,	
1.390892e+00,	-4.810719e-03,	9.881313e-324,	
1.388689e+00,	-5.087318e-03,	9.881313e-324,	
1.386279e+00,	-5.387332e-03,	9.881313e-324,	
1.384749e+00,	-5.233221e-03,	9.881313e-324,	
1.383544e+00,	-5.883812e-03,	9.881313e-324,	
1.380094e+00,	-5.969698e-03,	9.881313e-324,	
1.377344e+00,	-7.607600e-03,	9.881313e-324,	
1.376240e+00,	-7.978946e-03,	9.881313e-324,	
1.375091e+00,	-8.784665e-03,	9.881313e-324,	
1.373434e+00,	-8.150486e-03,	9.881313e-324,	
1.373054e+00,	-8.361330e-03,	9.881313e-324,	
1.373433e+00,	-8.747924e-03,	9.881313e-324,	
1.372219e+00,	-8.939261e-03,	9.881313e-324,	
1.370341e+00,	-8.375285e-03,	9.881313e-324,	
1.369685e+00,	-8.052486e-03,	9.881313e-324,	
1.370030e+00,	-7.667611e-03,	9.881313e-324,	
1.370294e+00,	-7.339767e-03,	9.881313e-324,	
1.370611e+00,	-6.788925e-03,	9.881313e-324,	
